{
  "entry/src/main/ets/entryability/EntryAbility.ets": {
    "version": 3,
    "file": "EntryAbility.ets",
    "sourceRoot": "",
    "sources": [
      "entry/src/main/ets/entryability/EntryAbility.ets"
    ],
    "names": [],
    "mappings": "YAAO,eAAe;OACf,KAAK;OACL,SAAS;YACT,IAAI;YACJ,MAAM;AAEb,MAAM,CAAC,OAAO,OAAO,YAAa,SAAQ,SAAS;IACjD,QAAQ,CAAC,IAAI,EAAE,IAAI,EAAE,WAAW,EAAE,eAAe,CAAC,WAAW,GAAG,IAAI;QAClE,KAAK,CAAC,IAAI,CAAC,MAAM,EAAE,SAAS,EAAE,YAAY,EAAE,kBAAkB,CAAC,CAAC;IAClE,CAAC;IAED,SAAS,IAAI,IAAI;QACf,KAAK,CAAC,IAAI,CAAC,MAAM,EAAE,SAAS,EAAE,YAAY,EAAE,mBAAmB,CAAC,CAAC;IACnE,CAAC;IAED,mBAAmB,CAAC,WAAW,EAAE,MAAM,CAAC,WAAW,GAAG,IAAI;QACxD,yDAAyD;QACzD,KAAK,CAAC,IAAI,CAAC,MAAM,EAAE,SAAS,EAAE,YAAY,EAAE,6BAA6B,CAAC,CAAC;QAE3E,WAAW,CAAC,WAAW,CAAC,aAAa,EAAE,CAAC,GAAG,EAAE,EAAE;YAC7C,IAAI,GAAG,CAAC,IAAI,EAAE;gBACZ,KAAK,CAAC,KAAK,CAAC,MAAM,EAAE,SAAS,EAAE,+CAA+C,EAAE,IAAI,CAAC,SAAS,CAAC,GAAG,CAAC,IAAI,EAAE,CAAC,CAAC;gBAC3G,OAAO;aACR;YACD,KAAK,CAAC,IAAI,CAAC,MAAM,EAAE,SAAS,EAAE,mCAAmC,CAAC,CAAC;QACrE,CAAC,CAAC,CAAC;IACL,CAAC;IAED,oBAAoB,IAAI,IAAI;QAC1B,yDAAyD;QACzD,KAAK,CAAC,IAAI,CAAC,MAAM,EAAE,SAAS,EAAE,YAAY,EAAE,8BAA8B,CAAC,CAAC;IAC9E,CAAC;IAED,YAAY,IAAI,IAAI;QAClB,oCAAoC;QACpC,KAAK,CAAC,IAAI,CAAC,MAAM,EAAE,SAAS,EAAE,YAAY,EAAE,sBAAsB,CAAC,CAAC;IACtE,CAAC;IAED,YAAY,IAAI,IAAI;QAClB,iCAAiC;QACjC,KAAK,CAAC,IAAI,CAAC,MAAM,EAAE,SAAS,EAAE,YAAY,EAAE,sBAAsB,CAAC,CAAC;IACtE,CAAC;CACF"
  },
  "entry/src/main/ets/pages/ListHeaderComponent.ets": {
    "version": 3,
    "file": "ListHeaderComponent.ets",
    "sourceRoot": "",
    "sources": [
      "entry/src/main/ets/pages/ListHeaderComponent.ets"
    ],
    "names": [],
    "mappings": ";IAEE,YAAY,GAAE,OAAO,GAAG,MAAM;IAC9B,UAAU,GAAE,MAAM;;AAFpB,MAAM,OAAQ,mBAAmB;IADjC;;;;;4BAEmC,CAAC;0BACb,CAAC;;KAHxB;;;;;;;;;;;;;;;;;IAEE,sBAAc,OAAO,GAAG,MAAM,CAAK;IACnC,oBAAY,MAAM,CAAK;IAEvB;;YACE,GAAG;;YAAH,GAAG,CAmBF,KAAK,CAAC,IAAI,CAAC,UAAU;YAnBtB,GAAG,CAoBF,OAAO,CAAC,IAAI,CAAC,YAAY;;;YAnBxB,IAAI,QAAC,MAAM;;YAAX,IAAI,CACD,QAAQ,CAAC,EAAE;YADd,IAAI,CAED,KAAK,CAAC,KAAK;YAFd,IAAI,CAGD,UAAU,CAAC,GAAG;YAHjB,IAAI,CAID,SAAS,CAAC,SAAS;;QAJtB,IAAI;;YAMJ,IAAI,QAAC,UAAU;;YAAf,IAAI,CACD,QAAQ,CAAC,EAAE;YADd,IAAI,CAED,KAAK,CAAC,KAAK;YAFd,IAAI,CAGD,UAAU,CAAC,GAAG;YAHjB,IAAI,CAID,SAAS,CAAC,SAAS;;QAJtB,IAAI;;YAMJ,IAAI,QAAC,cAAc;;YAAnB,IAAI,CACD,QAAQ,CAAC,EAAE;YADd,IAAI,CAED,KAAK,CAAC,KAAK;YAFd,IAAI,CAGD,UAAU,CAAC,GAAG;YAHjB,IAAI,CAID,SAAS,CAAC,SAAS;;QAJtB,IAAI;QAbN,GAAG;KAqBJ"
  },
  "entry/src/main/ets/pages/ListItemComponent.ets": {
    "version": 3,
    "file": "ListItemComponent.ets",
    "sourceRoot": "",
    "sources": [
      "entry/src/main/ets/pages/ListItemComponent.ets"
    ],
    "names": [],
    "mappings": ";IAEE,KAAK,GAAG,MAAM;IACN,IAAI,GAAG,MAAM;IACrB,WAAW,GAAE,MAAM;IACnB,kBAAkB,GAAE,OAAO;IAEpB,QAAQ,GAAE,OAAO;;AAN1B,MAAM,OAAQ,iBAAiB;IAD/B;;;;;;;2BAIwB,EAAE;kCACM,KAAK;uDAER,KAAK;;KAPlC;;;;;;;;;;;;;;;;;;;;;;;;;;;;IAEE,aAAK,CAAC,EAAE,MAAM,CAAC,CAAC,aAAa;IAC7B,OAAO,KAAK,CAAC,EAAE,MAAM,CAAC,CAAC,gBAAgB;IACvC,qBAAa,MAAM,CAAM,CAAC,0BAA0B;IACpD,4BAAoB,OAAO,CAAS,CAAC,0BAA0B;IAE/D,6CAAiB,OAAO,EAAS,CAAC,gCAAgC;QAA3D,QAAQ;;;QAAR,QAAQ,WAAE,OAAO;;;IAExB;;YACE,GAAG;;YAAH,GAAG,CA8BF,MAAM,CAAC,EAAE;YA9BV,GAAG,CA+BF,KAAK,CAAC,MAAM;YA/Bb,GAAG,CAgCF,OAAO,CAAC,GAAG,EAAE;gBACZ,IAAI,CAAC,kBAAkB,GAAG,CAAC,IAAI,CAAC,kBAAkB,CAAC;gBACnD,IAAI,CAAC,QAAQ,GAAG,CAAC,IAAI,CAAC,QAAQ,CAAC;YACjC,CAAC;;;YAlCC,MAAM;;YAAN,MAAM,CAcL,KAAK,CAAC,KAAK;YAdZ,MAAM,CAeL,UAAU,CAAC,eAAe,CAAC,KAAK;;;;YAd/B,IAAI,IAAI,CAAC,kBAAkB,EAAE,EAAE;;;;wBAC7B,IAAI,IAAI,CAAC,KAAK,KAAK,SAAS,EAAE;;gCAC5B,IAAI,CAAC,UAAU,YAAC,IAAI,CAAC,KAAK;;yBAC3B;;;;yBAAA;;;;aACF;iBAAM;;;wBACL,IAAI,QAAC,IAAI,CAAC,KAAK,EAAE,QAAQ,EAAE;;wBAA3B,IAAI,CACD,UAAU,CAAC,EAAE;wBADhB,IAAI,CAED,SAAS,CAAC,SAAS,CAAC,MAAM;wBAF7B,IAAI,CAGD,KAAK,CAAC,EAAE;wBAHX,IAAI,CAID,UAAU,CAAC,KAAK;wBAJnB,IAAI,CAKD,QAAQ,CAAC,EAAE;;oBALd,IAAI;;aAML;;;QAZH,MAAM;;YAiBN,IAAI,QAAC,IAAI,CAAC,IAAI;;YAAd,IAAI,CACD,KAAK,CAAC,KAAK;YADd,IAAI,CAED,UAAU,CAAC,KAAK;YAFnB,IAAI,CAGD,QAAQ,CAAC,EAAE;YAHd,IAAI,CAID,SAAS,CAAC,IAAI,CAAC,QAAQ,CAAC,CAAC,CAAC,SAAS,CAAC,CAAC,CAAC,SAAS;;QAJlD,IAAI;;YAMJ,IAAI,QAAC,IAAI,CAAC,WAAW;;YAArB,IAAI,CACD,KAAK,CAAC,KAAK;YADd,IAAI,CAED,UAAU,CAAC,KAAK;YAFnB,IAAI,CAGD,QAAQ,CAAC,EAAE;YAHd,IAAI,CAID,SAAS,CAAC,IAAI,CAAC,QAAQ,CAAC,CAAC,CAAC,SAAS,CAAC,CAAC,CAAC,SAAS;;QAJlD,IAAI;QAxBN,GAAG;KAoCJ;IAEQ,UAAU,CAAC,KAAK,EAAE,MAAM;;YAC/B,GAAG;;YAAH,GAAG,CAMF,cAAc,CAAC,SAAS,CAAC,MAAM;YANhC,GAAG,CAOF,YAAY,CAAC,EAAE;YAPhB,GAAG,CAQF,IAAI,CAAC,EAAE,KAAK,EAAE,EAAE,EAAE,MAAM,EAAE,EAAE,EAAE;YAR/B,GAAG,CASF,eAAe,CAAC,SAAS;;;YARxB,IAAI,QAAC,IAAI,CAAC,KAAK,EAAE,QAAQ,EAAE;;YAA3B,IAAI,CACD,UAAU,CAAC,KAAK;YADnB,IAAI,CAED,QAAQ,CAAC,EAAE;YAFd,IAAI,CAGD,SAAS,CAAC,KAAK,CAAC,KAAK;;QAHxB,IAAI;QADN,GAAG;KAUJ;IAED,kBAAkB,IAAI,OAAO;QAC3B,OAAO,IAAI,CAAC,KAAK,KAAK,CAAC,IAAI,IAAI,CAAC,KAAK,KAAK,CAAC,IAAI,IAAI,CAAC,KAAK,KAAK,CAAC,CAAC;IAClE,CAAC"
  },
  "entry/src/main/ets/pages/RankData.ets": {
    "version": 3,
    "file": "RankData.ets",
    "sourceRoot": "",
    "sources": [
      "entry/src/main/ets/pages/RankData.ets"
    ],
    "names": [],
    "mappings": "AAAA,mCAAmC;AACnC,MAAM,OAAO,QAAQ;IACnB,IAAI,EAAE,MAAM,CAAC,CAAC,gBAAgB;IAC9B,WAAW,EAAE,MAAM,CAAC,CAAC,0BAA0B;IAC/C,EAAE,EAAE,MAAM,CAAC,CAAC,oBAAoB;IAEhC,YAAY,EAAE,EAAE,MAAM,EAAE,IAAI,EAAE,MAAM,EAAE,WAAW,EAAE,MAAM;QACvD,IAAI,CAAC,EAAE,GAAG,EAAE,CAAC;QACb,IAAI,CAAC,IAAI,GAAG,IAAI,CAAC;QACjB,IAAI,CAAC,WAAW,GAAG,WAAW,CAAC;IACjC,CAAC;CACF"
  },
  "entry/src/main/ets/pages/RankPage.ets": {
    "version": 3,
    "file": "RankPage.ets",
    "sourceRoot": "",
    "sources": [
      "entry/src/main/ets/pages/RankPage.ets"
    ],
    "names": [],
    "mappings": ";IAQS,WAAW,GAAE,QAAQ,EAAE;IAavB,WAAW,GAAE,QAAQ,EAAE;IACvB,kBAAkB,GAAE,OAAO;;OAtB7B,EAAE,mBAAmB,EAAE;OACvB,EAAE,iBAAiB,EAAE;OACrB,EAAE,QAAQ,EAAE;OACZ,EAAE,cAAc,EAAE;MAIlB,QAAQ;IAFf;;;;;0DAGmC;YAC/B,IAAI,QAAQ,CAAC,GAAG,EAAE,QAAQ,EAAE,QAAQ,CAAC;YACrC,IAAI,QAAQ,CAAC,GAAG,EAAE,MAAM,EAAE,QAAQ,CAAC;YACnC,IAAI,QAAQ,CAAC,GAAG,EAAE,YAAY,EAAE,OAAO,CAAC;YACxC,IAAI,QAAQ,CAAC,GAAG,EAAE,OAAO,EAAE,OAAO,CAAC;YACnC,IAAI,QAAQ,CAAC,GAAG,EAAE,IAAI,EAAE,OAAO,CAAC;YAChC,IAAI,QAAQ,CAAC,GAAG,EAAE,GAAG,EAAE,OAAO,CAAC;YAC/B,IAAI,QAAQ,CAAC,GAAG,EAAE,KAAK,EAAE,OAAO,CAAC;YACjC,IAAI,QAAQ,CAAC,GAAG,EAAE,YAAY,EAAE,OAAO,CAAC;YACxC,IAAI,QAAQ,CAAC,GAAG,EAAE,OAAO,EAAE,OAAO,CAAC;YACnC,IAAI,QAAQ,CAAC,IAAI,EAAE,aAAa,EAAE,OAAO,CAAC;SAC3C;0DAEgC,EAAE,4BAA4B,CAAE;iEAC5B,IAAI;;KAnBO;;;;;;;;;;;;;;;;;;;;;;;;;;IAKhD,gDAAoB,QAAQ,EAAE,EAW5B;QAXK,WAAW;;;QAAX,WAAW,WAAE,QAAQ,EAAE;;;IAa9B,gDAAoB,QAAQ,EAAE,EAAoC;QAA3D,WAAW;;;QAAX,WAAW,WAAE,QAAQ,EAAE;;;IAC9B,uDAA2B,OAAO,EAAQ;QAAnC,kBAAkB;;;QAAlB,kBAAkB,WAAE,OAAO;;;IAElC;;YACE,MAAM;;YAAN,MAAM,CAWL,eAAe,CAAC,SAAS;YAX1B,MAAM,CAYL,MAAM,CAAC,MAAM;YAZd,MAAM,CAaL,KAAK,CAAC,MAAM;;;;;4CAZX,cAAc,OAAC,EAAE,aAAa,2BAAqB,EAAE,KAAK,EAAE,+BAA+B,EAAE;;;;4BAA5E,aAAa;4BAAuB,KAAK,EAAE,+BAA+B;;;;;;;;;;;;uBAMxF,MAAM,CAAC,EAAE,GAAG,EAAE,EAAE,EAAE,MAAM,EAAE,EAAE,EAAE;;;;;4CAJjC,mBAAmB,OAAC;wBAClB,YAAY,EAAE,EAAE,IAAI,EAAE,EAAE,EAAE,KAAK,EAAE,EAAE,EAAE;wBACrC,UAAU,EAAE,KAAK;qBAClB;;;;4BAFC,YAAY,EAAE,EAAE,IAAI,EAAE,EAAE,EAAE,KAAK,EAAE,EAAE,EAAE;4BACrC,UAAU,EAAE,KAAK;;;;;;;;;;;QAInB,IAAI,CAAC,QAAQ,YAAC,KAAK;QATrB,MAAM;KAcP;IAEQ,QAAQ,CAAC,UAAU,EAAE,MAAM;;YAClC,MAAM;;YAAN,MAAM,CAiBL,OAAO,CAAC,EAAE,IAAI,EAAE,EAAE,EAAE,KAAK,EAAE,EAAE,EAAE;YAjBhC,MAAM,CAkBL,YAAY,CAAC,EAAE;YAlBhB,MAAM,CAmBL,KAAK,CAAC,UAAU;YAnBjB,MAAM,CAoBL,UAAU,CAAC,eAAe,CAAC,MAAM;YApBlC,MAAM,CAqBL,eAAe,CAAC,KAAK,CAAC,KAAK;;;YApB1B,IAAI;;YAAJ,IAAI,CAYH,KAAK,CAAC,MAAM;YAZb,IAAI,CAaH,MAAM,CAAC,KAAK;YAbb,IAAI,CAcH,OAAO,CAAC,EAAE,WAAW,EAAE,CAAC,EAAE;;;YAbzB,OAAO;mDAAiF,KAAK,CAAC,EAAE,MAAM;;;;;;;4BACpG,QAAQ;;;;;;;;;;;;;4DACN,iBAAiB,OAAC;wCAChB,KAAK,EAAE,CAAC,MAAM,CAAC,KAAK,CAAC,GAAG,CAAC,CAAC;wCAC1B,IAAI,EAAE,IAAI,CAAC,IAAI;wCACf,WAAW,EAAE,IAAI,CAAC,WAAW;wCAC7B,kBAAkB,EAAE,IAAI,CAAC,kBAAkB;qCAC5C;;;;4CAJC,KAAK,EAAE,CAAC,MAAM,CAAC,KAAK,CAAC,GAAG,CAAC,CAAC;4CAC1B,IAAI,EAAE,IAAI,CAAC,IAAI;4CACf,WAAW,EAAE,IAAI,CAAC,WAAW;4CAC7B,kBAAkB,EAAE,IAAI,CAAC,kBAAkB;;;;;;;;;;wBAL/C,QAAQ;;;oBAAR,QAAQ;;;+CADF,IAAI,CAAC,kBAAkB,CAAC,CAAC,CAAC,IAAI,CAAC,WAAW,CAAC,CAAC,CAAC,IAAI,CAAC,WAAW,0BASlE,CAAC,IAAI,EAAE,QAAQ,EAAE,EAAE,CAAC,IAAI,CAAC,SAAS,CAAC,IAAI,CAAC;;QAT3C,OAAO;QADT,IAAI;QADN,MAAM;KAsBP"
  },
  "entry/src/main/ets/pages/TitleComponent.ets": {
    "version": 3,
    "file": "TitleComponent.ets",
    "sourceRoot": "",
    "sources": [
      "entry/src/main/ets/pages/TitleComponent.ets"
    ],
    "names": [],
    "mappings": ";IAIQ,aAAa,GAAE,OAAO;IACrB,KAAK,GAAE,MAAM;;YALf,UAAU;AAGjB,MAAM,OAAQ,cAAc;IAD5B;;;;;;oDAGyB,EAAE;;KALuB;;;;;;;;;;;;;;;;;;IAIhD,uDAAqB,OAAO,EAAC,CAAC,uCAAuC;QAA/D,aAAa;;;QAAb,aAAa,WAAE,OAAO;;;IAC5B,0CAAc,MAAM,EAAM,CAAC,oBAAoB;QAAxC,KAAK;;;QAAL,KAAK,WAAE,MAAM;;;IAEpB;;YACE,GAAG;;YAAH,GAAG,CA8BF,KAAK,CAAC,MAAM;YA9Bb,GAAG,CA+BF,OAAO,CAAC,EAAE,IAAI,EAAE,EAAE,EAAE,KAAK,EAAE,EAAE,EAAE;YA/BhC,GAAG,CAgCF,MAAM,CAAC,EAAE,GAAG,EAAE,EAAE,EAAE;YAhCnB,GAAG,CAiCF,MAAM,CAAC,EAAE;YAjCV,GAAG,CAkCF,cAAc,CAAC,SAAS,CAAC,WAAW;;;YAjCnC,GAAG;;YAAH,GAAG,CAaF,KAAK,CAAC,KAAK;YAbZ,GAAG,CAcF,MAAM,CAAC,MAAM;YAdd,GAAG,CAeF,cAAc,CAAC,SAAS,CAAC,KAAK;;;YAd7B,KAAK,QAAC,iBAAiB;;YAAvB,KAAK,CACF,MAAM,CAAC,EAAE;YADZ,KAAK,CAEF,KAAK,CAAC,EAAE;YAFX,KAAK,CAGF,MAAM,CAAC,EAAE,KAAK,EAAE,EAAE,EAAE;YAHvB,KAAK,CAIF,OAAO,CAAC,GAAG,EAAE;gBACZ,IAAI,OAAO,GAAG,UAAU,CAAC,IAAI,CAAC,IAAI,UAAU,CAAC,gBAAgB,CAAC;gBAC9D,OAAO,CAAC,aAAa,EAAE,CAAC,CAAC,wBAAwB;YACnD,CAAC;;;YAEH,IAAI,QAAC,IAAI,CAAC,KAAK;;YAAf,IAAI,CACD,QAAQ,CAAC,EAAE;;QADd,IAAI;QAVN,GAAG;;YAiBH,GAAG;;YAAH,GAAG,CAQF,KAAK,CAAC,KAAK;YARZ,GAAG,CASF,MAAM,CAAC,MAAM;YATd,GAAG,CAUF,cAAc,CAAC,SAAS,CAAC,GAAG;;;YAT3B,KAAK,QAAC,oBAAoB;;YAA1B,KAAK,CACF,MAAM,CAAC,EAAE;YADZ,KAAK,CAEF,KAAK,CAAC,EAAE;YAFX,KAAK,CAGF,OAAO,CAAC,GAAG,EAAE;gBACZ,IAAI,CAAC,aAAa,GAAG,CAAC,IAAI,CAAC,aAAa,CAAC,CAAC,uBAAuB;YACnE,CAAC;;QANL,GAAG;QAlBL,GAAG;KAmCJ"
  }
}