{"D:\\WorkSpace\\Ranking\\AppScope\\app.json5":{"hashValue":"5d13949e5f34a198e01fe6e16d73735b","name":"app.json5","path":"D:\\WorkSpace\\Ranking\\AppScope\\app.json5","type":"file","isSymbolicLink":false,"fileMetaData":{"size":214,"lastModifiedTime":1722627398026}},"D:\\WorkSpace\\Ranking\\entry\\src\\main\\module.json5":{"hashValue":"8437a684efad5707be8fcd44f80be8a2","name":"module.json5","path":"D:\\WorkSpace\\Ranking\\entry\\src\\main\\module.json5","type":"file","isSymbolicLink":false,"fileMetaData":{"size":942,"lastModifiedTime":1722627397997}},"D:\\WorkSpace\\Ranking\\build-profile.json5":{"hashValue":"8fcb51e8da19d70cf94f4691ba1a78c8","name":"build-profile.json5","path":"D:\\WorkSpace\\Ranking\\build-profile.json5","type":"file","isSymbolicLink":false,"fileMetaData":{"size":624,"lastModifiedTime":1722627397971}},"D:\\WorkSpace\\Ranking\\entry\\build-profile.json5":{"hashValue":"e1d4011d09045f2145d241b8d3b57c4f","name":"build-profile.json5","path":"D:\\WorkSpace\\Ranking\\entry\\build-profile.json5","type":"file","isSymbolicLink":false,"fileMetaData":{"size":640,"lastModifiedTime":1722627398046}},"D:\\WorkSpace\\Ranking\\entry\\src\\main\\resources\\base\\profile\\main_pages.json":{"hashValue":"e53701af6a61caeaa2866876b633cea2","name":"main_pages.json","path":"D:\\WorkSpace\\Ranking\\entry\\src\\main\\resources\\base\\profile\\main_pages.json","type":"file","isSymbolicLink":false,"fileMetaData":{"size":37,"lastModifiedTime":1722627392928}},"D:\\WorkSpace\\Ranking\\entry\\oh-package.json5":{"hashValue":"156cb001a375067ea063593490eda270","name":"oh-package.json5","path":"D:\\WorkSpace\\Ranking\\entry\\oh-package.json5","type":"file","isSymbolicLink":false,"fileMetaData":{"size":183,"lastModifiedTime":1722627392417}},"D:\\WorkSpace\\Ranking\\entry\\.preview\\default\\generated\\profile\\default\\BuildProfile.ets":{"hashValue":"e3dacebfc33d9e98827507ae2250bfe5","name":"BuildProfile.ets","path":"D:\\WorkSpace\\Ranking\\entry\\.preview\\default\\generated\\profile\\default\\BuildProfile.ets","type":"file","isSymbolicLink":false,"fileMetaData":{"size":372,"lastModifiedTime":1722627602830}},"D:\\WorkSpace\\Ranking\\entry\\src\\mock\\mock-config.json5":{"hashValue":"8f91b1e72f8ae45489def5ba3627a2be","name":"mock-config.json5","path":"D:\\WorkSpace\\Ranking\\entry\\src\\mock\\mock-config.json5","type":"file","isSymbolicLink":false,"fileMetaData":{"size":3,"lastModifiedTime":1722627392803}},"D:\\WorkSpace\\Ranking\\entry\\.preview\\default\\intermediates\\loader\\default\\loader.json":{"hashValue":"a7cd9435931fd497bf9b122247979bcc","name":"loader.json","path":"D:\\WorkSpace\\Ranking\\entry\\.preview\\default\\intermediates\\loader\\default\\loader.json","type":"file","isSymbolicLink":false,"fileMetaData":{"size":472,"lastModifiedTime":1722627602847}},"D:\\WorkSpace\\Ranking\\entry\\.preview\\default\\intermediates\\merge_profile\\default\\module.json":{"hashValue":"c0d790eed25a6a1c9558ec9656657ea7","name":"module.json","path":"D:\\WorkSpace\\Ranking\\entry\\.preview\\default\\intermediates\\merge_profile\\default\\module.json","type":"file","isSymbolicLink":false,"fileMetaData":{"size":1159,"lastModifiedTime":1722627602856}},"D:\\WorkSpace\\Ranking\\entry\\.preview\\default\\intermediates\\process_profile\\default\\module.json":{"hashValue":"79be66be990e34166fd099b0b27fc0e0","name":"module.json","path":"D:\\WorkSpace\\Ranking\\entry\\.preview\\default\\intermediates\\process_profile\\default\\module.json","type":"file","isSymbolicLink":false,"fileMetaData":{"size":1245,"lastModifiedTime":1722627603066}},"D:\\WorkSpace\\Ranking\\entry\\src\\main\\resources":{"hashValue":"31accf1d87c332f85748cdc45ee68172","name":"resources","path":"D:\\WorkSpace\\Ranking\\entry\\src\\main\\resources","type":"directory","isSymbolicLink":false,"children":[{"hashValue":"2961d902d19711f98b7c8569618eeebb","name":"base","path":"D:\\WorkSpace\\Ranking\\entry\\src\\main\\resources\\base","type":"directory","isSymbolicLink":false,"children":[{"hashValue":"2237f981e91438592ef6442e84cbe637","name":"element","path":"D:\\WorkSpace\\Ranking\\entry\\src\\main\\resources\\base\\element","type":"directory","isSymbolicLink":false,"children":[{"hashValue":"5ce12c9eab98c43c9ca7ba6fea31ab1f","name":"color.json","path":"D:\\WorkSpace\\Ranking\\entry\\src\\main\\resources\\base\\element\\color.json","type":"file","isSymbolicLink":false,"fileMetaData":{"size":105,"lastModifiedTime":1722627392861}},{"hashValue":"987a3ba77ca38152371638db6a35d21b","name":"string.json","path":"D:\\WorkSpace\\Ranking\\entry\\src\\main\\resources\\base\\element\\string.json","type":"file","isSymbolicLink":false,"fileMetaData":{"size":247,"lastModifiedTime":1722627398017}}]},{"hashValue":"f1a4482f1f5a9b50c76082cc405b2714","name":"media","path":"D:\\WorkSpace\\Ranking\\entry\\src\\main\\resources\\base\\media","type":"directory","isSymbolicLink":false,"children":[{"hashValue":"b5541be3a578ebf8d2c095e5240c4fc4","name":"icon.png","path":"D:\\WorkSpace\\Ranking\\entry\\src\\main\\resources\\base\\media\\icon.png","type":"file","isSymbolicLink":false,"fileMetaData":{"size":2041,"lastModifiedTime":1722627392879}},{"hashValue":"1ade16699b7aa1e557004cb4e87045a9","name":"startIcon.png","path":"D:\\WorkSpace\\Ranking\\entry\\src\\main\\resources\\base\\media\\startIcon.png","type":"file","isSymbolicLink":false,"fileMetaData":{"size":4351,"lastModifiedTime":1722627392899}}]},{"hashValue":"197edd7f7b1e6a2bca8192daca81cb73","name":"profile","path":"D:\\WorkSpace\\Ranking\\entry\\src\\main\\resources\\base\\profile","type":"directory","isSymbolicLink":false,"children":[{"hashValue":"e53701af6a61caeaa2866876b633cea2","name":"main_pages.json","path":"D:\\WorkSpace\\Ranking\\entry\\src\\main\\resources\\base\\profile\\main_pages.json","type":"file","isSymbolicLink":false,"fileMetaData":{"size":37,"lastModifiedTime":1722627392928}}]}]},{"hashValue":"ed9a4cd8625c1306a3dbb78901412cf9","name":"en_US","path":"D:\\WorkSpace\\Ranking\\entry\\src\\main\\resources\\en_US","type":"directory","isSymbolicLink":false,"children":[{"hashValue":"a2a7f0db0b170c2d1a30915ff6230549","name":"element","path":"D:\\WorkSpace\\Ranking\\entry\\src\\main\\resources\\en_US\\element","type":"directory","isSymbolicLink":false,"children":[{"hashValue":"4f3b7da8c3b714b6299c066a5d205b88","name":"string.json","path":"D:\\WorkSpace\\Ranking\\entry\\src\\main\\resources\\en_US\\element\\string.json","type":"file","isSymbolicLink":false,"fileMetaData":{"size":247,"lastModifiedTime":1722627397986}}]}]},{"hashValue":"","name":"rawfile","path":"D:\\WorkSpace\\Ranking\\entry\\src\\main\\resources\\rawfile","type":"directory","isSymbolicLink":false,"children":[]},{"hashValue":"e65767d818263d804a28392d55da6741","name":"zh_CN","path":"D:\\WorkSpace\\Ranking\\entry\\src\\main\\resources\\zh_CN","type":"directory","isSymbolicLink":false,"children":[{"hashValue":"f4201a768602d7e52eaef19107580dd6","name":"element","path":"D:\\WorkSpace\\Ranking\\entry\\src\\main\\resources\\zh_CN\\element","type":"directory","isSymbolicLink":false,"children":[{"hashValue":"2217c43ab3810d1b523ce404e5533f34","name":"string.json","path":"D:\\WorkSpace\\Ranking\\entry\\src\\main\\resources\\zh_CN\\element\\string.json","type":"file","isSymbolicLink":false,"fileMetaData":{"size":241,"lastModifiedTime":1722627397915}}]}]}]},"D:\\WorkSpace\\Ranking\\entry\\.preview\\default\\intermediates\\res\\default":{"hashValue":"22e2e17f0503e1118df4c96eea86cd3d","name":"default","path":"D:\\WorkSpace\\Ranking\\entry\\.preview\\default\\intermediates\\res\\default","type":"directory","isSymbolicLink":false,"children":[{"hashValue":"5f524d97d0fa675964b22d8c681c3439","name":"app_compiled","path":"D:\\WorkSpace\\Ranking\\entry\\.preview\\default\\intermediates\\res\\default\\app_compiled","type":"directory","isSymbolicLink":false,"children":[{"hashValue":"5fe3be315ad35362163c649a429a62c4","name":"17570959952430566918","path":"D:\\WorkSpace\\Ranking\\entry\\.preview\\default\\intermediates\\res\\default\\app_compiled\\17570959952430566918","type":"file","isSymbolicLink":false,"fileMetaData":{"size":166,"lastModifiedTime":1722628040741}},{"hashValue":"3a5e84b8360cec287f08afb57c8a1c1d","name":"4667015768353468886","path":"D:\\WorkSpace\\Ranking\\entry\\.preview\\default\\intermediates\\res\\default\\app_compiled\\4667015768353468886","type":"file","isSymbolicLink":false,"fileMetaData":{"size":107,"lastModifiedTime":1722628040739}}]},{"hashValue":"c95a78e1be1f080931a8adf5a2fa695d","name":"ids_map","path":"D:\\WorkSpace\\Ranking\\entry\\.preview\\default\\intermediates\\res\\default\\ids_map","type":"directory","isSymbolicLink":false,"children":[{"hashValue":"709e294aca48bb58d6c4651f39ed8e11","name":"id_defined.json","path":"D:\\WorkSpace\\Ranking\\entry\\.preview\\default\\intermediates\\res\\default\\ids_map\\id_defined.json","type":"file","isSymbolicLink":false,"fileMetaData":{"size":1116,"lastModifiedTime":1722628040914}}]},{"hashValue":"a639f1b0891b40f28eb370b909c09b1d","name":"mock-config.json","path":"D:\\WorkSpace\\Ranking\\entry\\.preview\\default\\intermediates\\res\\default\\mock-config.json","type":"file","isSymbolicLink":false,"fileMetaData":{"size":2,"lastModifiedTime":1722627616486}},{"hashValue":"82a5fb00a62fdf423ab9726a5800edc6","name":"module_compiled","path":"D:\\WorkSpace\\Ranking\\entry\\.preview\\default\\intermediates\\res\\default\\module_compiled","type":"directory","isSymbolicLink":false,"children":[{"hashValue":"0a82a9b6f6f55bdb8b6699cc23599411","name":"1286681551023395769","path":"D:\\WorkSpace\\Ranking\\entry\\.preview\\default\\intermediates\\res\\default\\module_compiled\\1286681551023395769","type":"file","isSymbolicLink":false,"fileMetaData":{"size":374,"lastModifiedTime":1722628040798}},{"hashValue":"6bbf317b0c6bfebff719dd4ab65f03b5","name":"13161505208750834877","path":"D:\\WorkSpace\\Ranking\\entry\\.preview\\default\\intermediates\\res\\default\\module_compiled\\13161505208750834877","type":"file","isSymbolicLink":false,"fileMetaData":{"size":181,"lastModifiedTime":1722628040800}},{"hashValue":"2065692934c6fdfb26f9cbd5315928bb","name":"15102467602072576793","path":"D:\\WorkSpace\\Ranking\\entry\\.preview\\default\\intermediates\\res\\default\\module_compiled\\15102467602072576793","type":"file","isSymbolicLink":false,"fileMetaData":{"size":191,"lastModifiedTime":1722628040801}},{"hashValue":"d119ec36975710a9dc4be5b3f800ff7e","name":"5033381668957967535","path":"D:\\WorkSpace\\Ranking\\entry\\.preview\\default\\intermediates\\res\\default\\module_compiled\\5033381668957967535","type":"file","isSymbolicLink":false,"fileMetaData":{"size":166,"lastModifiedTime":1722628040799}},{"hashValue":"01bb42a714fe3079d5e5ab620c8f1764","name":"5564513606784115286","path":"D:\\WorkSpace\\Ranking\\entry\\.preview\\default\\intermediates\\res\\default\\module_compiled\\5564513606784115286","type":"file","isSymbolicLink":false,"fileMetaData":{"size":127,"lastModifiedTime":1722628040796}},{"hashValue":"d3ce05afde28da0d7a9cd99c741e15ba","name":"6939921094389731393","path":"D:\\WorkSpace\\Ranking\\entry\\.preview\\default\\intermediates\\res\\default\\module_compiled\\6939921094389731393","type":"file","isSymbolicLink":false,"fileMetaData":{"size":422,"lastModifiedTime":1722628040807}},{"hashValue":"627011cec979103c51666decac504053","name":"8920972556619036469","path":"D:\\WorkSpace\\Ranking\\entry\\.preview\\default\\intermediates\\res\\default\\module_compiled\\8920972556619036469","type":"file","isSymbolicLink":false,"fileMetaData":{"size":428,"lastModifiedTime":1722628040804}}]},{"hashValue":"c6ed75386185f6512dc85a316de6e307","name":"module.json","path":"D:\\WorkSpace\\Ranking\\entry\\.preview\\default\\intermediates\\res\\default\\module.json","type":"file","isSymbolicLink":false,"fileMetaData":{"size":2167,"lastModifiedTime":1722628040917}},{"hashValue":"671c3b923ac037ec81eb08373e9a7545","name":"resources","path":"D:\\WorkSpace\\Ranking\\entry\\.preview\\default\\intermediates\\res\\default\\resources","type":"directory","isSymbolicLink":false,"children":[{"hashValue":"cb8c36371977eebfa5248efae030770b","name":"base","path":"D:\\WorkSpace\\Ranking\\entry\\.preview\\default\\intermediates\\res\\default\\resources\\base","type":"directory","isSymbolicLink":false,"children":[{"hashValue":"b58eb8bd161c1b76e1019095c0937869","name":"profile","path":"D:\\WorkSpace\\Ranking\\entry\\.preview\\default\\intermediates\\res\\default\\resources\\base\\profile","type":"directory","isSymbolicLink":false,"children":[{"hashValue":"4c06563b2b2138e23720f491c245d86b","name":"main_pages.json","path":"D:\\WorkSpace\\Ranking\\entry\\.preview\\default\\intermediates\\res\\default\\resources\\base\\profile\\main_pages.json","type":"file","isSymbolicLink":false,"fileMetaData":{"size":27,"lastModifiedTime":1722628040948}}]}]}]},{"hashValue":"fadd427396282e3a110195705d1db8ab","name":"resources.index","path":"D:\\WorkSpace\\Ranking\\entry\\.preview\\default\\intermediates\\res\\default\\resources.index","type":"file","isSymbolicLink":false,"fileMetaData":{"size":1200,"lastModifiedTime":1722628040912}},{"hashValue":"3bdf067435b61af105d34701037a5273","name":"ResourceTable.txt","path":"D:\\WorkSpace\\Ranking\\entry\\.preview\\default\\intermediates\\res\\default\\ResourceTable.txt","type":"file","isSymbolicLink":false,"fileMetaData":{"size":275,"lastModifiedTime":1722628040919}}]},"D:\\WorkSpace\\Ranking\\entry\\.preview\\default\\generated\\r\\default":{"hashValue":"65cff7c9029b66df47bd40474ba99ac2","name":"default","path":"D:\\WorkSpace\\Ranking\\entry\\.preview\\default\\generated\\r\\default","type":"directory","isSymbolicLink":false,"children":[{"hashValue":"8e2c500a2d27f820146056dd4ae12e2e","name":"ResourceTable.h","path":"D:\\WorkSpace\\Ranking\\entry\\.preview\\default\\generated\\r\\default\\ResourceTable.h","type":"file","isSymbolicLink":false,"fileMetaData":{"size":1134,"lastModifiedTime":1722628040918}}]},"D:\\WorkSpace\\Ranking\\entry\\.preview\\config\\buildConfig.json":{"hashValue":"cae26e7d72a146958ea68b619820fa01","name":"buildConfig.json","path":"D:\\WorkSpace\\Ranking\\entry\\.preview\\config\\buildConfig.json","type":"file","isSymbolicLink":false,"fileMetaData":{"size":1579,"lastModifiedTime":1722628039854}},"D:\\WorkSpace\\Ranking\\entry\\.preview\\default\\intermediates\\res\\default\\module.json":{"hashValue":"c6ed75386185f6512dc85a316de6e307","name":"module.json","path":"D:\\WorkSpace\\Ranking\\entry\\.preview\\default\\intermediates\\res\\default\\module.json","type":"file","isSymbolicLink":false,"fileMetaData":{"size":2167,"lastModifiedTime":1722628040917}},"D:\\WorkSpace\\Ranking\\entry\\.preview\\default\\intermediates\\res\\default\\resources\\base\\profile\\main_pages.json":{"hashValue":"4c06563b2b2138e23720f491c245d86b","name":"main_pages.json","path":"D:\\WorkSpace\\Ranking\\entry\\.preview\\default\\intermediates\\res\\default\\resources\\base\\profile\\main_pages.json","type":"file","isSymbolicLink":false,"fileMetaData":{"size":27,"lastModifiedTime":1722628040948}},"D:\\WorkSpace\\Ranking\\entry\\.preview\\default\\intermediates\\loader\\default":{"hashValue":"5cbe3ce16a16573ecaec7f82ed56c122","name":"default","path":"D:\\WorkSpace\\Ranking\\entry\\.preview\\default\\intermediates\\loader\\default","type":"directory","isSymbolicLink":false,"children":[{"hashValue":"a7cd9435931fd497bf9b122247979bcc","name":"loader.json","path":"D:\\WorkSpace\\Ranking\\entry\\.preview\\default\\intermediates\\loader\\default\\loader.json","type":"file","isSymbolicLink":false,"fileMetaData":{"size":472,"lastModifiedTime":1722627602847}}]},"D:\\WorkSpace\\Ranking\\entry\\.preview\\default\\intermediates\\res\\default\\ResourceTable.txt":{"hashValue":"3bdf067435b61af105d34701037a5273","name":"ResourceTable.txt","path":"D:\\WorkSpace\\Ranking\\entry\\.preview\\default\\intermediates\\res\\default\\ResourceTable.txt","type":"file","isSymbolicLink":false,"fileMetaData":{"size":275,"lastModifiedTime":1722628040919}},"D:\\WorkSpace\\Ranking\\entry\\.preview\\default\\intermediates\\res\\default\\resources\\base\\profile":{"hashValue":"b58eb8bd161c1b76e1019095c0937869","name":"profile","path":"D:\\WorkSpace\\Ranking\\entry\\.preview\\default\\intermediates\\res\\default\\resources\\base\\profile","type":"directory","isSymbolicLink":false,"children":[{"hashValue":"4c06563b2b2138e23720f491c245d86b","name":"main_pages.json","path":"D:\\WorkSpace\\Ranking\\entry\\.preview\\default\\intermediates\\res\\default\\resources\\base\\profile\\main_pages.json","type":"file","isSymbolicLink":false,"fileMetaData":{"size":27,"lastModifiedTime":1722628040948}}]},"D:\\WorkSpace\\Ranking\\entry\\src\\main\\ets":{"hashValue":"6559e5af3ae65bca910347702950f2da","name":"ets","path":"D:\\WorkSpace\\Ranking\\entry\\src\\main\\ets","type":"directory","isSymbolicLink":false,"children":[{"hashValue":"160e507aae179d8a302f7f463016d0d6","name":"entryability","path":"D:\\WorkSpace\\Ranking\\entry\\src\\main\\ets\\entryability","type":"directory","isSymbolicLink":false,"children":[{"hashValue":"2feb75305df527b137b66b03099099b7","name":"EntryAbility.ets","path":"D:\\WorkSpace\\Ranking\\entry\\src\\main\\ets\\entryability\\EntryAbility.ets","type":"file","isSymbolicLink":false,"fileMetaData":{"size":1547,"lastModifiedTime":1722627398007}}]},{"hashValue":"163bece46e5959b3bcc8474283d7cf63","name":"images","path":"D:\\WorkSpace\\Ranking\\entry\\src\\main\\ets\\images","type":"directory","isSymbolicLink":false,"children":[{"hashValue":"9ab4428d55e57f1b3d27b826193eb832","name":"back.png","path":"D:\\WorkSpace\\Ranking\\entry\\src\\main\\ets\\images\\back.png","type":"file","isSymbolicLink":false,"fileMetaData":{"size":10337,"lastModifiedTime":1722627902395}},{"hashValue":"bebc20df26a2f72d000ab26b846a089a","name":"loading.png","path":"D:\\WorkSpace\\Ranking\\entry\\src\\main\\ets\\images\\loading.png","type":"file","isSymbolicLink":false,"fileMetaData":{"size":82148,"lastModifiedTime":1722627916217}}]},{"hashValue":"233cb8a8cbf558868a3da72c7f8eb93f","name":"pages","path":"D:\\WorkSpace\\Ranking\\entry\\src\\main\\ets\\pages","type":"directory","isSymbolicLink":false,"children":[{"hashValue":"65a88f2fd72b80cce99b962f001163b5","name":"Index.ets","path":"D:\\WorkSpace\\Ranking\\entry\\src\\main\\ets\\pages\\Index.ets","type":"file","isSymbolicLink":false,"fileMetaData":{"size":267,"lastModifiedTime":1722627392955}},{"hashValue":"0f0952716bc4d9be896065206bcd0348","name":"ListHeaderComponent.ets","path":"D:\\WorkSpace\\Ranking\\entry\\src\\main\\ets\\pages\\ListHeaderComponent.ets","type":"file","isSymbolicLink":false,"fileMetaData":{"size":609,"lastModifiedTime":1722627495965}},{"hashValue":"d5be05d2c4883f542984bcff3dbf4cae","name":"ListItemComponent.ets","path":"D:\\WorkSpace\\Ranking\\entry\\src\\main\\ets\\pages\\ListItemComponent.ets","type":"file","isSymbolicLink":false,"fileMetaData":{"size":1774,"lastModifiedTime":1722627508931}},{"hashValue":"73e2e9ec1590e428123a63b21176faa5","name":"RankData.ets","path":"D:\\WorkSpace\\Ranking\\entry\\src\\main\\ets\\pages\\RankData.ets","type":"file","isSymbolicLink":false,"fileMetaData":{"size":334,"lastModifiedTime":1722627459331}},{"hashValue":"4f4c675ebef1c1e65084d55f4e941258","name":"RankPage.ets","path":"D:\\WorkSpace\\Ranking\\entry\\src\\main\\ets\\pages\\RankPage.ets","type":"file","isSymbolicLink":false,"fileMetaData":{"size":2040,"lastModifiedTime":1722627538517}},{"hashValue":"cee6ee4dc73b7902c3ba04493895cde5","name":"TitleComponent.ets","path":"D:\\WorkSpace\\Ranking\\entry\\src\\main\\ets\\pages\\TitleComponent.ets","type":"file","isSymbolicLink":false,"fileMetaData":{"size":1183,"lastModifiedTime":1722627986178}}]}]},"{\"commandList\":[\"C:\\\\Users\\\\k50038792\\\\AppData\\\\Local\\\\OpenHarmony\\\\Sdk\\\\11\\\\toolchains\\\\restool.exe\",\"-m\",\"entry\",\"-f\",\"-j\",\"D:\\\\WorkSpace\\\\Ranking\\\\entry\\\\.preview\\\\default\\\\intermediates\\\\process_profile\\\\default\\\\module.json\",\"-p\",\"com.example.ranking\",\"-o\",\"D:\\\\WorkSpace\\\\Ranking\\\\entry\\\\.preview\\\\default\\\\intermediates\\\\res\\\\default\",\"-r\",\"D:\\\\WorkSpace\\\\Ranking\\\\entry\\\\.preview\\\\default\\\\generated\\\\r\\\\default\\\\ResourceTable.h\"],\"inputFiles\":{\"_group\":{}},\"outputFiles\":{\"_group\":{}},\"existsResourceDir\":true,\"restoolLinkParamObj\":{\"appScopeResources\":\"D:\\\\WorkSpace\\\\Ranking\\\\AppScope\\\\resources\",\"moduleResourcesMap\":{},\"harResourcesMap\":{},\"outputPath\":\"D:\\\\WorkSpace\\\\Ranking\\\\entry\\\\.preview\\\\default\\\\intermediates\\\\res\\\\default\",\"linkCommand\":[\"C:\\\\Users\\\\k50038792\\\\AppData\\\\Local\\\\OpenHarmony\\\\Sdk\\\\11\\\\toolchains\\\\restool.exe\",\"-m\",\"entry\",\"-f\",\"-j\",\"D:\\\\WorkSpace\\\\Ranking\\\\entry\\\\.preview\\\\default\\\\intermediates\\\\process_profile\\\\default\\\\module.json\",\"-p\",\"com.example.ranking\",\"-r\",\"D:\\\\WorkSpace\\\\Ranking\\\\entry\\\\.preview\\\\default\\\\generated\\\\r\\\\default\\\\ResourceTable.h\",\"-z\",\"--ids\",\"D:\\\\WorkSpace\\\\Ranking\\\\entry\\\\.preview\\\\default\\\\intermediates\\\\res\\\\default\\\\ids_map\",\"--defined-ids\",\"D:\\\\WorkSpace\\\\Ranking\\\\entry\\\\.preview\\\\default\\\\intermediates\\\\res\\\\default\\\\ids_map\\\\id_defined.json\"],\"idsMapPath\":\"D:\\\\WorkSpace\\\\Ranking\\\\entry\\\\.preview\\\\default\\\\intermediates\\\\res\\\\default\\\\ids_map\"}}":{"hashValue":"","name":"emptyroot","path":"","type":"unknown","isSymbolicLink":false,"children":[]},"D:\\WorkSpace\\Ranking\\entry\\.preview\\default\\intermediates\\loader_out\\default\\ets":{"hashValue":"","name":"emptyroot","path":"","type":"unknown","isSymbolicLink":false,"children":[]}}