{":Ranking:entry:default@PreBuild":{"_inputs":[{"dataType":"ValueEntry","value":"{\"_name\":\"BUILTIN_TASK_COMMAND\",\"_value\":\"\",\"_valueType\":\"string\",\"_hash\":\"0b5d05294fdf4e78e8482ef53eb64ac0\"}"},{"dataType":"ValueEntry","value":"{\"_name\":\"BUILTIN_TASK_ENV\",\"_value\":\"\",\"_valueType\":\"string\",\"_hash\":\"cdcdc2ec8062ca9ec1de46dbf2bbc053\"}"},{"dataType":"ValueEntry","value":"{\"_name\":\"BUILTIN_TASK_TOOLCHAIN\",\"_value\":\"\",\"_valueType\":\"string\",\"_hash\":\"e7f94a9422a8bc317a7d90b58efcb5f6\"}"},{"dataType":"ValueEntry","value":"{\"_name\":\"apiType\",\"_value\":\"stageMode\",\"_valueType\":\"string\",\"_hash\":\"699c7565645ea3ea8c88551a4926a3d5\"}"},{"dataType":"ValueEntry","value":"{\"_name\":\"codeType\",\"_value\":true,\"_valueType\":\"boolean\",\"_hash\":\"d6dcf21a9f078b661283507536e57ce8\"}"},{"dataType":"ValueEntry","value":"{\"_name\":\"compatibleApiVersion\",\"_value\":11,\"_valueType\":\"number\",\"_hash\":\"93f5cd3d75ef7f4c00083401b682d592\"}"},{"dataType":"ValueEntry","value":"{\"_name\":\"compileApiVersion\",\"_value\":11,\"_valueType\":\"number\",\"_hash\":\"e44e5a65058824d789a8244107920ae0\"}"},{"dataType":"ValueEntry","value":"{\"_name\":\"customTypes\",\"_value\":\"\",\"_valueType\":\"string\",\"_hash\":\"970a2695bffac1c5a4fa283dc36050e3\"}"},{"dataType":"ValueEntry","value":"{\"_name\":\"deviceType\",\"_value\":[\"default\",\"tablet\"],\"_valueType\":\"object\",\"_hash\":\"3f44547af15457ff8e1ec09282ca9922\"}"},{"dataType":"ValueEntry","value":"{\"_name\":\"isSupportOhpmProj\",\"_value\":true,\"_valueType\":\"boolean\",\"_hash\":\"f3a249d7e3f751316e931b8a08b074b4\"}"},{"dataType":"ValueEntry","value":"{\"_name\":\"profileModuleName\",\"_value\":\"entry\",\"_valueType\":\"string\",\"_hash\":\"b174ea6ff5824844dde5ad92f6b3ef2b\"}"},{"dataType":"ValueEntry","value":"{\"_name\":\"sdkToolchainsComponentVersion\",\"_value\":\"4.1.7.5\",\"_valueType\":\"string\",\"_hash\":\"4b828c9956f5759b95ff9d8a02d56394\"}"},{"dataType":"ValueEntry","value":"{\"_name\":\"targetStatusCode\",\"_value\":1,\"_valueType\":\"number\",\"_hash\":\"0ec6123a9c2b84b1bb8ff1aa490b637d\"}"}],"_successful":true,"_projectName":"Ranking","_moduleName":"entry","_taskName":"default@PreBuild","_key":":Ranking:entry:default@PreBuild","_executionId":":Ranking:entry:default@PreBuild:1722627602544","_inputFiles":{"dataType":"Map","value":[["D:\\WorkSpace\\Ranking\\AppScope\\app.json5",{"isDirectory":false,"fileSnapShotHashValue":"5d13949e5f34a198e01fe6e16d73735b"}],["D:\\WorkSpace\\Ranking\\entry\\src\\main\\module.json5",{"isDirectory":false,"fileSnapShotHashValue":"8437a684efad5707be8fcd44f80be8a2"}],["D:\\WorkSpace\\Ranking\\build-profile.json5",{"fileSnapShotHashValue":"8fcb51e8da19d70cf94f4691ba1a78c8"}],["D:\\WorkSpace\\Ranking\\entry\\build-profile.json5",{"fileSnapShotHashValue":"e1d4011d09045f2145d241b8d3b57c4f"}],["D:\\WorkSpace\\Ranking\\entry\\src\\main\\resources\\base\\profile\\main_pages.json",{"fileSnapShotHashValue":"e53701af6a61caeaa2866876b633cea2"}],["D:\\WorkSpace\\Ranking\\entry\\oh-package.json5",{"fileSnapShotHashValue":"156cb001a375067ea063593490eda270"}]]},"_outputFiles":{"dataType":"Map","value":[]}},":Ranking:entry:default@CreateBuildProfile":{"_inputs":[{"dataType":"ValueEntry","value":"{\"_name\":\"BUILTIN_TASK_COMMAND\",\"_value\":\"\",\"_valueType\":\"string\",\"_hash\":\"0b5d05294fdf4e78e8482ef53eb64ac0\"}"},{"dataType":"ValueEntry","value":"{\"_name\":\"BUILTIN_TASK_ENV\",\"_value\":\"\",\"_valueType\":\"string\",\"_hash\":\"cdcdc2ec8062ca9ec1de46dbf2bbc053\"}"},{"dataType":"ValueEntry","value":"{\"_name\":\"BUILTIN_TASK_TOOLCHAIN\",\"_value\":\"\",\"_valueType\":\"string\",\"_hash\":\"e7f94a9422a8bc317a7d90b58efcb5f6\"}"},{"dataType":"ValueEntry","value":"{\"_name\":\"buildMode\",\"_value\":\"Debug\",\"_valueType\":\"string\",\"_hash\":\"8120d22ada0d6de22b101e1f4ea16e81\"}"}],"_successful":true,"_projectName":"Ranking","_moduleName":"entry","_taskName":"default@CreateBuildProfile","_key":":Ranking:entry:default@CreateBuildProfile","_executionId":":Ranking:entry:default@CreateBuildProfile:1722627602826","_inputFiles":{"dataType":"Map","value":[["D:\\WorkSpace\\Ranking\\AppScope\\app.json5",{"fileSnapShotHashValue":"5d13949e5f34a198e01fe6e16d73735b"}],["D:\\WorkSpace\\Ranking\\build-profile.json5",{"fileSnapShotHashValue":"8fcb51e8da19d70cf94f4691ba1a78c8"}]]},"_outputFiles":{"dataType":"Map","value":[["D:\\WorkSpace\\Ranking\\entry\\.preview\\default\\generated\\profile\\default\\BuildProfile.ets",{"fileSnapShotHashValue":"e3dacebfc33d9e98827507ae2250bfe5"}]]}},":Ranking:entry:default@GenerateLoaderJson":{"_inputs":[{"dataType":"ValueEntry","value":"{\"_name\":\"BUILTIN_TASK_COMMAND\",\"_value\":\"\",\"_valueType\":\"string\",\"_hash\":\"0b5d05294fdf4e78e8482ef53eb64ac0\"}"},{"dataType":"ValueEntry","value":"{\"_name\":\"BUILTIN_TASK_ENV\",\"_value\":\"\",\"_valueType\":\"string\",\"_hash\":\"cdcdc2ec8062ca9ec1de46dbf2bbc053\"}"},{"dataType":"ValueEntry","value":"{\"_name\":\"BUILTIN_TASK_TOOLCHAIN\",\"_value\":\"\",\"_valueType\":\"string\",\"_hash\":\"e7f94a9422a8bc317a7d90b58efcb5f6\"}"},{"dataType":"ValueEntry","value":"{\"_name\":\"anBuildMode\",\"_value\":\"type\",\"_valueType\":\"string\",\"_hash\":\"de241a1eec94a2a622ff1c89f32846a2\"}"},{"dataType":"ValueEntry","value":"{\"_name\":\"apPath\",\"_value\":\"D:\\\\WorkSpace\\\\Ranking\\\\entry\\\\modules.ap\",\"_valueType\":\"string\",\"_hash\":\"79a671fda43bd78107e94f2e1f20b355\"}"},{"dataType":"ValueEntry","value":"{\"_name\":\"compileMode\",\"_value\":\"esmodule\",\"_valueType\":\"string\",\"_hash\":\"dacafc8e0b77a950178a0b4d142dc32c\"}"},{"dataType":"ValueEntry","value":"{\"_name\":\"fallbackAnBuild\",\"_value\":false,\"_valueType\":\"boolean\",\"_hash\":\"a63e98bb3f368ced6ed4d5579ea7ca39\"}"},{"dataType":"ValueEntry","value":"{\"_name\":\"harNameOhmMap\",\"_value\":\"{}\",\"_valueType\":\"string\",\"_hash\":\"0faf006bccbcdc2c7f04ff2d8c87894f\"}"},{"dataType":"ValueEntry","value":"{\"_name\":\"modulePathMap\",\"_value\":\"{\\\"entry\\\":\\\"D:\\\\\\\\WorkSpace\\\\\\\\Ranking\\\\\\\\entry\\\"}\",\"_valueType\":\"string\",\"_hash\":\"0b5773227855b24a9cbf800ffd2924b6\"}"},{"dataType":"ValueEntry","value":"{\"_name\":\"nodeModulesPath\",\"_value\":\"D:\\\\WorkSpace\\\\Ranking\\\\entry\\\\.preview\\\\default\\\\intermediates\\\\loader_out\\\\default\\\\node_modules\",\"_valueType\":\"string\",\"_hash\":\"53017c244ca627c47909d5a193b792f6\"}"},{"dataType":"ValueEntry","value":"{\"_name\":\"projectRootPath\",\"_value\":\"D:\\\\WorkSpace\\\\Ranking\",\"_valueType\":\"string\",\"_hash\":\"a3e86bcc543c423804a9b3804ed0d274\"}"},{"dataType":"ValueEntry","value":"{\"_name\":\"targetConfig\",\"_value\":\"{\\\"name\\\":\\\"default\\\"}\",\"_valueType\":\"string\",\"_hash\":\"44f0c01d44e2bbf4013c5bb1f232e1fe\"}"}],"_successful":true,"_projectName":"Ranking","_moduleName":"entry","_taskName":"default@GenerateLoaderJson","_key":":Ranking:entry:default@GenerateLoaderJson","_executionId":":Ranking:entry:default@GenerateLoaderJson:1722627602841","_inputFiles":{"dataType":"Map","value":[["D:\\WorkSpace\\Ranking\\entry\\src\\mock\\mock-config.json5",{"fileSnapShotHashValue":"8f91b1e72f8ae45489def5ba3627a2be"}]]},"_outputFiles":{"dataType":"Map","value":[["D:\\WorkSpace\\Ranking\\entry\\.preview\\default\\intermediates\\loader\\default\\loader.json",{"isDirectory":false,"fileSnapShotHashValue":"a7cd9435931fd497bf9b122247979bcc"}]]}},":Ranking:entry:default@MergeProfile":{"_inputs":[{"dataType":"ValueEntry","value":"{\"_name\":\"BUILTIN_TASK_COMMAND\",\"_value\":\"\",\"_valueType\":\"string\",\"_hash\":\"0b5d05294fdf4e78e8482ef53eb64ac0\"}"},{"dataType":"ValueEntry","value":"{\"_name\":\"BUILTIN_TASK_ENV\",\"_value\":\"\",\"_valueType\":\"string\",\"_hash\":\"cdcdc2ec8062ca9ec1de46dbf2bbc053\"}"},{"dataType":"ValueEntry","value":"{\"_name\":\"BUILTIN_TASK_TOOLCHAIN\",\"_value\":\"\",\"_valueType\":\"string\",\"_hash\":\"e7f94a9422a8bc317a7d90b58efcb5f6\"}"},{"dataType":"ValueEntry","value":"{\"_name\":\"asanEnable\",\"_value\":false,\"_valueType\":\"boolean\",\"_hash\":\"bc2129ba20a21b7e5234139ede1b4d7b\"}"},{"dataType":"ValueEntry","value":"{\"_name\":\"buildRoot\",\"_value\":\".preview\",\"_valueType\":\"string\",\"_hash\":\"88e9a315669657b02bc470a13f92befe\"}"},{"dataType":"ValueEntry","value":"{\"_name\":\"compatibleSdkVersion\",\"_value\":11,\"_valueType\":\"number\",\"_hash\":\"0a9ae1c2a584e001c6822783c8cf9636\"}"},{"dataType":"ValueEntry","value":"{\"_name\":\"isDebug\",\"_value\":true,\"_valueType\":\"boolean\",\"_hash\":\"edbf05a2d2be2c385e75d9565a48d419\"}"},{"dataType":"ValueEntry","value":"{\"_name\":\"isHarModule\",\"_value\":false,\"_valueType\":\"boolean\",\"_hash\":\"a15b7a3ed818faa99a4a10d67f52cb72\"}"},{"dataType":"ValueEntry","value":"{\"_name\":\"multiProjects\",\"_value\":false,\"_valueType\":\"boolean\",\"_hash\":\"555604752defc243b4e4c55d1549fc06\"}"},{"dataType":"ValueEntry","value":"{\"_name\":\"releaseType\",\"_value\":\"Release\",\"_valueType\":\"string\",\"_hash\":\"bbcabdda034e97584f8c36f85b3ec517\"}"},{"dataType":"ValueEntry","value":"{\"_name\":\"targetSdkVersion\",\"_value\":11,\"_valueType\":\"number\",\"_hash\":\"578c4c0926086069dd411e7d59783372\"}"}],"_successful":true,"_projectName":"Ranking","_moduleName":"entry","_taskName":"default@MergeProfile","_key":":Ranking:entry:default@MergeProfile","_executionId":":Ranking:entry:default@MergeProfile:1722627602852","_inputFiles":{"dataType":"Map","value":[["D:\\WorkSpace\\Ranking\\AppScope\\app.json5",{"fileSnapShotHashValue":"5d13949e5f34a198e01fe6e16d73735b"}],["D:\\WorkSpace\\Ranking\\build-profile.json5",{"fileSnapShotHashValue":"8fcb51e8da19d70cf94f4691ba1a78c8"}],["D:\\WorkSpace\\Ranking\\entry\\src\\main\\module.json5",{"fileSnapShotHashValue":"8437a684efad5707be8fcd44f80be8a2"}]]},"_outputFiles":{"dataType":"Map","value":[["D:\\WorkSpace\\Ranking\\entry\\.preview\\default\\intermediates\\merge_profile\\default\\module.json",{"fileSnapShotHashValue":"c0d790eed25a6a1c9558ec9656657ea7"}]]}},":Ranking:entry:default@ProcessProfile":{"_inputs":[{"dataType":"ValueEntry","value":"{\"_name\":\"BUILTIN_TASK_COMMAND\",\"_value\":\"\",\"_valueType\":\"string\",\"_hash\":\"0b5d05294fdf4e78e8482ef53eb64ac0\"}"},{"dataType":"ValueEntry","value":"{\"_name\":\"BUILTIN_TASK_ENV\",\"_value\":\"\",\"_valueType\":\"string\",\"_hash\":\"cdcdc2ec8062ca9ec1de46dbf2bbc053\"}"},{"dataType":"ValueEntry","value":"{\"_name\":\"BUILTIN_TASK_TOOLCHAIN\",\"_value\":\"\",\"_valueType\":\"string\",\"_hash\":\"e7f94a9422a8bc317a7d90b58efcb5f6\"}"},{"dataType":"ValueEntry","value":"{\"_name\":\"arkEnable\",\"_value\":true,\"_valueType\":\"boolean\",\"_hash\":\"750b4bda198545a67903dfb3f6a00a95\"}"},{"dataType":"ValueEntry","value":"{\"_name\":\"compileMode\",\"_value\":\"esmodule\",\"_valueType\":\"string\",\"_hash\":\"dacafc8e0b77a950178a0b4d142dc32c\"}"},{"dataType":"ValueEntry","value":"{\"_name\":\"dependency\",\"_value\":\"[]\",\"_valueType\":\"string\",\"_hash\":\"ac54f3d4ced2d4c1d666d40e4f7c454a\"}"},{"dataType":"ValueEntry","value":"{\"_name\":\"deviceTypes\",\"_value\":[\"default\",\"tablet\"],\"_valueType\":\"object\",\"_hash\":\"0342e19985c07130618d063695ce1f7c\"}"}],"_successful":true,"_projectName":"Ranking","_moduleName":"entry","_taskName":"default@ProcessProfile","_key":":Ranking:entry:default@ProcessProfile","_executionId":":Ranking:entry:default@ProcessProfile:1722627602862","_inputFiles":{"dataType":"Map","value":[["D:\\WorkSpace\\Ranking\\entry\\.preview\\default\\intermediates\\merge_profile\\default\\module.json",{"fileSnapShotHashValue":"c0d790eed25a6a1c9558ec9656657ea7"}]]},"_outputFiles":{"dataType":"Map","value":[["D:\\WorkSpace\\Ranking\\entry\\.preview\\default\\intermediates\\process_profile\\default\\module.json",{"fileSnapShotHashValue":"79be66be990e34166fd099b0b27fc0e0"}]]}},":Ranking:entry:default@PreviewProcessResource":{"_inputs":[{"dataType":"ValueEntry","value":"{\"_name\":\"previewCompileResourcesCommand\",\"_value\":\"{\\\"commandList\\\":[\\\"C:\\\\\\\\Users\\\\\\\\k50038792\\\\\\\\AppData\\\\\\\\Local\\\\\\\\OpenHarmony\\\\\\\\Sdk\\\\\\\\11\\\\\\\\toolchains\\\\\\\\restool.exe\\\",\\\"-m\\\",\\\"entry\\\",\\\"-f\\\",\\\"-j\\\",\\\"D:\\\\\\\\WorkSpace\\\\\\\\Ranking\\\\\\\\entry\\\\\\\\.preview\\\\\\\\default\\\\\\\\intermediates\\\\\\\\process_profile\\\\\\\\default\\\\\\\\module.json\\\",\\\"-p\\\",\\\"com.example.ranking\\\",\\\"-o\\\",\\\"D:\\\\\\\\WorkSpace\\\\\\\\Ranking\\\\\\\\entry\\\\\\\\.preview\\\\\\\\default\\\\\\\\intermediates\\\\\\\\res\\\\\\\\default\\\",\\\"-r\\\",\\\"D:\\\\\\\\WorkSpace\\\\\\\\Ranking\\\\\\\\entry\\\\\\\\.preview\\\\\\\\default\\\\\\\\generated\\\\\\\\r\\\\\\\\default\\\\\\\\ResourceTable.h\\\"],\\\"inputFiles\\\":{\\\"_group\\\":{}},\\\"outputFiles\\\":{\\\"_group\\\":{}},\\\"existsResourceDir\\\":true,\\\"restoolLinkParamObj\\\":{\\\"appScopeResources\\\":\\\"D:\\\\\\\\WorkSpace\\\\\\\\Ranking\\\\\\\\AppScope\\\\\\\\resources\\\",\\\"moduleResourcesMap\\\":{},\\\"harResourcesMap\\\":{},\\\"outputPath\\\":\\\"D:\\\\\\\\WorkSpace\\\\\\\\Ranking\\\\\\\\entry\\\\\\\\.preview\\\\\\\\default\\\\\\\\intermediates\\\\\\\\res\\\\\\\\default\\\",\\\"linkCommand\\\":[\\\"C:\\\\\\\\Users\\\\\\\\k50038792\\\\\\\\AppData\\\\\\\\Local\\\\\\\\OpenHarmony\\\\\\\\Sdk\\\\\\\\11\\\\\\\\toolchains\\\\\\\\restool.exe\\\",\\\"-m\\\",\\\"entry\\\",\\\"-f\\\",\\\"-j\\\",\\\"D:\\\\\\\\WorkSpace\\\\\\\\Ranking\\\\\\\\entry\\\\\\\\.preview\\\\\\\\default\\\\\\\\intermediates\\\\\\\\process_profile\\\\\\\\default\\\\\\\\module.json\\\",\\\"-p\\\",\\\"com.example.ranking\\\",\\\"-r\\\",\\\"D:\\\\\\\\WorkSpace\\\\\\\\Ranking\\\\\\\\entry\\\\\\\\.preview\\\\\\\\default\\\\\\\\generated\\\\\\\\r\\\\\\\\default\\\\\\\\ResourceTable.h\\\",\\\"-z\\\",\\\"--ids\\\",\\\"D:\\\\\\\\WorkSpace\\\\\\\\Ranking\\\\\\\\entry\\\\\\\\.preview\\\\\\\\default\\\\\\\\intermediates\\\\\\\\res\\\\\\\\default\\\\\\\\ids_map\\\",\\\"--defined-ids\\\",\\\"D:\\\\\\\\WorkSpace\\\\\\\\Ranking\\\\\\\\entry\\\\\\\\.preview\\\\\\\\default\\\\\\\\intermediates\\\\\\\\res\\\\\\\\default\\\\\\\\ids_map\\\\\\\\id_defined.json\\\"],\\\"idsMapPath\\\":\\\"D:\\\\\\\\WorkSpace\\\\\\\\Ranking\\\\\\\\entry\\\\\\\\.preview\\\\\\\\default\\\\\\\\intermediates\\\\\\\\res\\\\\\\\default\\\\\\\\ids_map\\\"}}\",\"_valueType\":\"string\"}"},{"dataType":"ValueEntry","value":"{\"_name\":\"BUILTIN_TASK_COMMAND\",\"_value\":\"\",\"_valueType\":\"string\"}"},{"dataType":"ValueEntry","value":"{\"_name\":\"BUILTIN_TASK_TOOLCHAIN\",\"_value\":\"\",\"_valueType\":\"string\"}"},{"dataType":"ValueEntry","value":"{\"_name\":\"BUILTIN_TASK_ENV\",\"_value\":\"\",\"_valueType\":\"string\"}"}],"_successful":true,"_projectName":"Ranking","_moduleName":"entry","_taskName":"default@PreviewProcessResource","_key":":Ranking:entry:default@PreviewProcessResource","_executionId":":Ranking:entry:default@PreviewProcessResource:1722628040641","_inputFiles":{"dataType":"Map","value":[]},"_outputFiles":{"dataType":"Map","value":[["{\"commandList\":[\"C:\\\\Users\\\\k50038792\\\\AppData\\\\Local\\\\OpenHarmony\\\\Sdk\\\\11\\\\toolchains\\\\restool.exe\",\"-m\",\"entry\",\"-f\",\"-j\",\"D:\\\\WorkSpace\\\\Ranking\\\\entry\\\\.preview\\\\default\\\\intermediates\\\\process_profile\\\\default\\\\module.json\",\"-p\",\"com.example.ranking\",\"-o\",\"D:\\\\WorkSpace\\\\Ranking\\\\entry\\\\.preview\\\\default\\\\intermediates\\\\res\\\\default\",\"-r\",\"D:\\\\WorkSpace\\\\Ranking\\\\entry\\\\.preview\\\\default\\\\generated\\\\r\\\\default\\\\ResourceTable.h\"],\"inputFiles\":{\"_group\":{}},\"outputFiles\":{\"_group\":{}},\"existsResourceDir\":true,\"restoolLinkParamObj\":{\"appScopeResources\":\"D:\\\\WorkSpace\\\\Ranking\\\\AppScope\\\\resources\",\"moduleResourcesMap\":{},\"harResourcesMap\":{},\"outputPath\":\"D:\\\\WorkSpace\\\\Ranking\\\\entry\\\\.preview\\\\default\\\\intermediates\\\\res\\\\default\",\"linkCommand\":[\"C:\\\\Users\\\\k50038792\\\\AppData\\\\Local\\\\OpenHarmony\\\\Sdk\\\\11\\\\toolchains\\\\restool.exe\",\"-m\",\"entry\",\"-f\",\"-j\",\"D:\\\\WorkSpace\\\\Ranking\\\\entry\\\\.preview\\\\default\\\\intermediates\\\\process_profile\\\\default\\\\module.json\",\"-p\",\"com.example.ranking\",\"-r\",\"D:\\\\WorkSpace\\\\Ranking\\\\entry\\\\.preview\\\\default\\\\generated\\\\r\\\\default\\\\ResourceTable.h\",\"-z\",\"--ids\",\"D:\\\\WorkSpace\\\\Ranking\\\\entry\\\\.preview\\\\default\\\\intermediates\\\\res\\\\default\\\\ids_map\",\"--defined-ids\",\"D:\\\\WorkSpace\\\\Ranking\\\\entry\\\\.preview\\\\default\\\\intermediates\\\\res\\\\default\\\\ids_map\\\\id_defined.json\"],\"idsMapPath\":\"D:\\\\WorkSpace\\\\Ranking\\\\entry\\\\.preview\\\\default\\\\intermediates\\\\res\\\\default\\\\ids_map\"}}",{"isDirectory":false,"fileSnapShotHashValue":""}]]}},":Ranking:entry:default@PreviewCompileResource":{"_inputs":[{"dataType":"ValueEntry","value":"{\"_name\":\"PREVIEWER_REPLACE_PAGE\",\"_value\":\"\\\"pages/RankPage\\\"\",\"_valueType\":\"string\"}"},{"dataType":"ValueEntry","value":"{\"_name\":\"PREVIEWER_REPLACE_SRCPATH\",\"_valueType\":\"undefined\"}"},{"dataType":"ValueEntry","value":"{\"_name\":\"TARGET_CONFIG\",\"_value\":\"{\\\"name\\\":\\\"default\\\"}\",\"_valueType\":\"string\"}"},{"dataType":"ValueEntry","value":"{\"_name\":\"BUILTIN_TASK_COMMAND\",\"_value\":\"\",\"_valueType\":\"string\"}"},{"dataType":"ValueEntry","value":"{\"_name\":\"BUILTIN_TASK_TOOLCHAIN\",\"_value\":\"C:\\\\Users\\\\k50038792\\\\AppData\\\\Local\\\\OpenHarmony\\\\Sdk\\\\11\\\\toolchains\\\\restool.exe\",\"_valueType\":\"string\"}"},{"dataType":"ValueEntry","value":"{\"_name\":\"BUILTIN_TASK_ENV\",\"_value\":\"\",\"_valueType\":\"string\"}"}],"_successful":true,"_projectName":"Ranking","_moduleName":"entry","_taskName":"default@PreviewCompileResource","_key":":Ranking:entry:default@PreviewCompileResource","_executionId":":Ranking:entry:default@PreviewCompileResource:1722628040656","_inputFiles":{"dataType":"Map","value":[["D:\\WorkSpace\\Ranking\\entry\\src\\main\\resources",{"fileSnapShotHashValue":"31accf1d87c332f85748cdc45ee68172"}],["D:\\WorkSpace\\Ranking\\entry\\.preview\\default\\intermediates\\merge_profile\\default\\module.json",{"fileSnapShotHashValue":"c0d790eed25a6a1c9558ec9656657ea7"}]]},"_outputFiles":{"dataType":"Map","value":[["D:\\WorkSpace\\Ranking\\entry\\.preview\\default\\intermediates\\res\\default",{"isDirectory":true,"fileSnapShotHashValue":"22e2e17f0503e1118df4c96eea86cd3d"}],["D:\\WorkSpace\\Ranking\\entry\\.preview\\default\\generated\\r\\default",{"isDirectory":true,"fileSnapShotHashValue":"65cff7c9029b66df47bd40474ba99ac2"}]]}},":Ranking:entry:default@PreviewUpdateAssets":{"_inputs":[{"dataType":"ValueEntry","value":"{\"_name\":\"BUILTIN_TASK_COMMAND\",\"_value\":\"\",\"_valueType\":\"string\"}"},{"dataType":"ValueEntry","value":"{\"_name\":\"BUILTIN_TASK_TOOLCHAIN\",\"_value\":\"\",\"_valueType\":\"string\"}"},{"dataType":"ValueEntry","value":"{\"_name\":\"BUILTIN_TASK_ENV\",\"_value\":\"\",\"_valueType\":\"string\"}"}],"_successful":true,"_projectName":"Ranking","_moduleName":"entry","_taskName":"default@PreviewUpdateAssets","_key":":Ranking:entry:default@PreviewUpdateAssets","_executionId":":Ranking:entry:default@PreviewUpdateAssets:1722628040944","_inputFiles":{"dataType":"Map","value":[["D:\\WorkSpace\\Ranking\\entry\\.preview\\config\\buildConfig.json",{"isDirectory":false,"fileSnapShotHashValue":"cae26e7d72a146958ea68b619820fa01"}]]},"_outputFiles":{"dataType":"Map","value":[["D:\\WorkSpace\\Ranking\\entry\\.preview\\default\\intermediates\\res\\default\\module.json",{"isDirectory":false,"fileSnapShotHashValue":"c6ed75386185f6512dc85a316de6e307"}],["D:\\WorkSpace\\Ranking\\entry\\.preview\\default\\intermediates\\res\\default\\resources\\base\\profile\\main_pages.json",{"isDirectory":false,"fileSnapShotHashValue":"4c06563b2b2138e23720f491c245d86b"}]]}},":Ranking:entry:default@PreviewArkTS":{"_inputs":[{"dataType":"ValueEntry","value":"{\"_name\":\"debuggable\",\"_value\":true,\"_valueType\":\"boolean\"}"},{"dataType":"ValueEntry","value":"{\"_name\":\"isArk\",\"_value\":true,\"_valueType\":\"boolean\"}"},{"dataType":"ValueEntry","value":"{\"_name\":\"needCoverageInsert\",\"_value\":false,\"_valueType\":\"boolean\"}"},{"dataType":"ValueEntry","value":"{\"_name\":\"customTypes\",\"_value\":\"\",\"_valueType\":\"string\"}"},{"dataType":"ValueEntry","value":"{\"_name\":\"arkTsWdiget\",\"_value\":false,\"_valueType\":\"boolean\"}"},{"dataType":"ValueEntry","value":"{\"_name\":\"OBFUSCATION_ENABLE\",\"_value\":\"undefined\",\"_valueType\":\"string\"}"},{"dataType":"ValueEntry","value":"{\"_name\":\"BUILTIN_TASK_COMMAND\",\"_value\":\"\",\"_valueType\":\"string\"}"},{"dataType":"ValueEntry","value":"{\"_name\":\"BUILTIN_TASK_TOOLCHAIN\",\"_value\":\"\",\"_valueType\":\"string\"}"},{"dataType":"ValueEntry","value":"{\"_name\":\"BUILTIN_TASK_ENV\",\"_value\":\"\",\"_valueType\":\"string\"}"}],"_successful":true,"_projectName":"Ranking","_moduleName":"entry","_taskName":"default@PreviewArkTS","_key":":Ranking:entry:default@PreviewArkTS","_executionId":":Ranking:entry:default@PreviewArkTS:1722628040964","_inputFiles":{"dataType":"Map","value":[["D:\\WorkSpace\\Ranking\\entry\\.preview\\default\\intermediates\\loader\\default",{"isDirectory":true,"fileSnapShotHashValue":"5cbe3ce16a16573ecaec7f82ed56c122"}],["D:\\WorkSpace\\Ranking\\entry\\.preview\\default\\intermediates\\res\\default\\ResourceTable.txt",{"fileSnapShotHashValue":"3bdf067435b61af105d34701037a5273"}],["D:\\WorkSpace\\Ranking\\entry\\.preview\\default\\intermediates\\res\\default\\module.json",{"fileSnapShotHashValue":"c6ed75386185f6512dc85a316de6e307"}],["D:\\WorkSpace\\Ranking\\entry\\.preview\\default\\intermediates\\res\\default\\resources\\base\\profile",{"isDirectory":true,"fileSnapShotHashValue":"b58eb8bd161c1b76e1019095c0937869"}],["D:\\WorkSpace\\Ranking\\entry\\src\\main\\ets",{"isDirectory":true,"fileSnapShotHashValue":"6559e5af3ae65bca910347702950f2da"}],["D:\\WorkSpace\\Ranking\\entry\\.preview\\default\\generated\\profile\\default\\BuildProfile.ets",{"fileSnapShotHashValue":"e3dacebfc33d9e98827507ae2250bfe5"}]]},"_outputFiles":{"dataType":"Map","value":[["D:\\WorkSpace\\Ranking\\entry\\.preview\\default\\intermediates\\loader_out\\default\\ets",{"isDirectory":true,"fileSnapShotHashValue":""}]]}}}