{"D:\\WorkSpace\\Light_Example\\AppScope\\app.json5":{"hashValue":"de0535903064dce38716a175b1fff92c","name":"app.json5","path":"D:\\WorkSpace\\Light_Example\\AppScope\\app.json5","type":"file","isSymbolicLink":false,"fileMetaData":{"size":220,"lastModifiedTime":1723189391638}},"D:\\WorkSpace\\Light_Example\\entry\\src\\main\\module.json5":{"hashValue":"9936bd00a0b413f8701995a740a913cc","name":"module.json5","path":"D:\\WorkSpace\\Light_Example\\entry\\src\\main\\module.json5","type":"file","isSymbolicLink":false,"fileMetaData":{"size":942,"lastModifiedTime":1723189391666}},"D:\\WorkSpace\\Light_Example\\build-profile.json5":{"hashValue":"f17f9045a90c12512ec495a172eb62a6","name":"build-profile.json5","path":"D:\\WorkSpace\\Light_Example\\build-profile.json5","type":"file","isSymbolicLink":false,"fileMetaData":{"size":624,"lastModifiedTime":1723189391613}},"D:\\WorkSpace\\Light_Example\\entry\\build-profile.json5":{"hashValue":"c06a585f07b4c4f69997905d91b2546b","name":"build-profile.json5","path":"D:\\WorkSpace\\Light_Example\\entry\\build-profile.json5","type":"file","isSymbolicLink":false,"fileMetaData":{"size":640,"lastModifiedTime":1723189391648}},"D:\\WorkSpace\\Light_Example\\entry\\src\\main\\resources\\base\\profile\\main_pages.json":{"hashValue":"da51feee215e20671ee09f394f8c1f31","name":"main_pages.json","path":"D:\\WorkSpace\\Light_Example\\entry\\src\\main\\resources\\base\\profile\\main_pages.json","type":"file","isSymbolicLink":false,"fileMetaData":{"size":37,"lastModifiedTime":1723189386332}},"D:\\WorkSpace\\Light_Example\\entry\\oh-package.json5":{"hashValue":"5caa006e50bb9cb190a18178c54be6db","name":"oh-package.json5","path":"D:\\WorkSpace\\Light_Example\\entry\\oh-package.json5","type":"file","isSymbolicLink":false,"fileMetaData":{"size":183,"lastModifiedTime":1723189385728}},"D:\\WorkSpace\\Light_Example\\entry\\.preview\\default\\generated\\profile\\default\\BuildProfile.ets":{"hashValue":"e97f3ef08b7689cd7ab0031fe7f0ad17","name":"BuildProfile.ets","path":"D:\\WorkSpace\\Light_Example\\entry\\.preview\\default\\generated\\profile\\default\\BuildProfile.ets","type":"file","isSymbolicLink":false,"fileMetaData":{"size":378,"lastModifiedTime":1723189463591}},"D:\\WorkSpace\\Light_Example\\entry\\src\\mock\\mock-config.json5":{"hashValue":"8bfdd195ca997474415a0808f63e8148","name":"mock-config.json5","path":"D:\\WorkSpace\\Light_Example\\entry\\src\\mock\\mock-config.json5","type":"file","isSymbolicLink":false,"fileMetaData":{"size":3,"lastModifiedTime":1723189386129}},"D:\\WorkSpace\\Light_Example\\entry\\.preview\\default\\intermediates\\loader\\default\\loader.json":{"hashValue":"d80d99cdd2e4e60411147a10bfcf8cd2","name":"loader.json","path":"D:\\WorkSpace\\Light_Example\\entry\\.preview\\default\\intermediates\\loader\\default\\loader.json","type":"file","isSymbolicLink":false,"fileMetaData":{"size":496,"lastModifiedTime":1723189463615}},"D:\\WorkSpace\\Light_Example\\entry\\.preview\\default\\intermediates\\merge_profile\\default\\module.json":{"hashValue":"485f18b4694cf2326893c39be0721f64","name":"module.json","path":"D:\\WorkSpace\\Light_Example\\entry\\.preview\\default\\intermediates\\merge_profile\\default\\module.json","type":"file","isSymbolicLink":false,"fileMetaData":{"size":1165,"lastModifiedTime":1723189463624}},"D:\\WorkSpace\\Light_Example\\entry\\.preview\\default\\intermediates\\process_profile\\default\\module.json":{"hashValue":"215d93827706a3861fa1d463c5344472","name":"module.json","path":"D:\\WorkSpace\\Light_Example\\entry\\.preview\\default\\intermediates\\process_profile\\default\\module.json","type":"file","isSymbolicLink":false,"fileMetaData":{"size":1251,"lastModifiedTime":1723189463844}},"D:\\WorkSpace\\Light_Example\\entry\\src\\main\\resources":{"hashValue":"b5b7714cefbb9a8276715566e02f4cf7","name":"resources","path":"D:\\WorkSpace\\Light_Example\\entry\\src\\main\\resources","type":"directory","isSymbolicLink":false,"children":[{"hashValue":"5c2e07e23ba98ec2c3e71e007804a15c","name":"base","path":"D:\\WorkSpace\\Light_Example\\entry\\src\\main\\resources\\base","type":"directory","isSymbolicLink":false,"children":[{"hashValue":"17cd15acccb599f2add45aca6e2b65c3","name":"element","path":"D:\\WorkSpace\\Light_Example\\entry\\src\\main\\resources\\base\\element","type":"directory","isSymbolicLink":false,"children":[{"hashValue":"962e0cec7f8c188c6afe8235d90555e5","name":"color.json","path":"D:\\WorkSpace\\Light_Example\\entry\\src\\main\\resources\\base\\element\\color.json","type":"file","isSymbolicLink":false,"fileMetaData":{"size":105,"lastModifiedTime":1723189386222}},{"hashValue":"ed83fae3d296147719c6fd0c0761731f","name":"string.json","path":"D:\\WorkSpace\\Light_Example\\entry\\src\\main\\resources\\base\\element\\string.json","type":"file","isSymbolicLink":false,"fileMetaData":{"size":247,"lastModifiedTime":1723189391674}}]},{"hashValue":"678afa9d3123a686fb2aa2bbdf264ce4","name":"media","path":"D:\\WorkSpace\\Light_Example\\entry\\src\\main\\resources\\base\\media","type":"directory","isSymbolicLink":false,"children":[{"hashValue":"4990b439d8fc3e272d877396ceeb1ebd","name":"icon.png","path":"D:\\WorkSpace\\Light_Example\\entry\\src\\main\\resources\\base\\media\\icon.png","type":"file","isSymbolicLink":false,"fileMetaData":{"size":2041,"lastModifiedTime":1723189386251}},{"hashValue":"3276917124ef9a252af5018b63797c78","name":"startIcon.png","path":"D:\\WorkSpace\\Light_Example\\entry\\src\\main\\resources\\base\\media\\startIcon.png","type":"file","isSymbolicLink":false,"fileMetaData":{"size":4351,"lastModifiedTime":1723189386269}}]},{"hashValue":"4f4d2129165777874ef021eaeaae9063","name":"profile","path":"D:\\WorkSpace\\Light_Example\\entry\\src\\main\\resources\\base\\profile","type":"directory","isSymbolicLink":false,"children":[{"hashValue":"da51feee215e20671ee09f394f8c1f31","name":"main_pages.json","path":"D:\\WorkSpace\\Light_Example\\entry\\src\\main\\resources\\base\\profile\\main_pages.json","type":"file","isSymbolicLink":false,"fileMetaData":{"size":37,"lastModifiedTime":1723189386332}}]}]},{"hashValue":"f8361c865c8936ae628fb1aa3f04818b","name":"en_US","path":"D:\\WorkSpace\\Light_Example\\entry\\src\\main\\resources\\en_US","type":"directory","isSymbolicLink":false,"children":[{"hashValue":"8d8b2d7962d16e9005c3d7b3f839c04c","name":"element","path":"D:\\WorkSpace\\Light_Example\\entry\\src\\main\\resources\\en_US\\element","type":"directory","isSymbolicLink":false,"children":[{"hashValue":"5acc654d752be6191340ffb26aa1371a","name":"string.json","path":"D:\\WorkSpace\\Light_Example\\entry\\src\\main\\resources\\en_US\\element\\string.json","type":"file","isSymbolicLink":false,"fileMetaData":{"size":247,"lastModifiedTime":1723189391589}}]}]},{"hashValue":"","name":"rawfile","path":"D:\\WorkSpace\\Light_Example\\entry\\src\\main\\resources\\rawfile","type":"directory","isSymbolicLink":false,"children":[]},{"hashValue":"254aa054af839a4b68f259f619d91d88","name":"zh_CN","path":"D:\\WorkSpace\\Light_Example\\entry\\src\\main\\resources\\zh_CN","type":"directory","isSymbolicLink":false,"children":[{"hashValue":"b3c3c496115f5f608e369577c55999a0","name":"element","path":"D:\\WorkSpace\\Light_Example\\entry\\src\\main\\resources\\zh_CN\\element","type":"directory","isSymbolicLink":false,"children":[{"hashValue":"33625952a81a5f249a34bfafbc5d4119","name":"string.json","path":"D:\\WorkSpace\\Light_Example\\entry\\src\\main\\resources\\zh_CN\\element\\string.json","type":"file","isSymbolicLink":false,"fileMetaData":{"size":241,"lastModifiedTime":1723189391685}}]}]}]},"D:\\WorkSpace\\Light_Example\\entry\\.preview\\default\\intermediates\\res\\default":{"hashValue":"ff7347c4a4badfa7acca237c5e769678","name":"default","path":"D:\\WorkSpace\\Light_Example\\entry\\.preview\\default\\intermediates\\res\\default","type":"directory","isSymbolicLink":false,"children":[{"hashValue":"2477ccb27eae1ba4220fdcef460b6888","name":"app_compiled","path":"D:\\WorkSpace\\Light_Example\\entry\\.preview\\default\\intermediates\\res\\default\\app_compiled","type":"directory","isSymbolicLink":false,"children":[{"hashValue":"2e142fda982e44f91216c430305d592b","name":"12024059702248479826","path":"D:\\WorkSpace\\Light_Example\\entry\\.preview\\default\\intermediates\\res\\default\\app_compiled\\12024059702248479826","type":"file","isSymbolicLink":false,"fileMetaData":{"size":178,"lastModifiedTime":1723189464124}},{"hashValue":"1ac82bd0272b17e96737cedab00dedf3","name":"3434189440517168933","path":"D:\\WorkSpace\\Light_Example\\entry\\.preview\\default\\intermediates\\res\\default\\app_compiled\\3434189440517168933","type":"file","isSymbolicLink":false,"fileMetaData":{"size":119,"lastModifiedTime":1723189464123}}]},{"hashValue":"0735b725688ed650ae6bba9f0dbe69ff","name":"ids_map","path":"D:\\WorkSpace\\Light_Example\\entry\\.preview\\default\\intermediates\\res\\default\\ids_map","type":"directory","isSymbolicLink":false,"children":[{"hashValue":"38412f0a48f94755bb1090d06cf2ac2b","name":"id_defined.json","path":"D:\\WorkSpace\\Light_Example\\entry\\.preview\\default\\intermediates\\res\\default\\ids_map\\id_defined.json","type":"file","isSymbolicLink":false,"fileMetaData":{"size":1116,"lastModifiedTime":1723189464344}}]},{"hashValue":"90db8740e02ef551b63de41dfa29bb4a","name":"mock-config.json","path":"D:\\WorkSpace\\Light_Example\\entry\\.preview\\default\\intermediates\\res\\default\\mock-config.json","type":"file","isSymbolicLink":false,"fileMetaData":{"size":2,"lastModifiedTime":1723189479870}},{"hashValue":"5b77a33b1bcaf4c2bf88330b11bbffd8","name":"module_compiled","path":"D:\\WorkSpace\\Light_Example\\entry\\.preview\\default\\intermediates\\res\\default\\module_compiled","type":"directory","isSymbolicLink":false,"children":[{"hashValue":"ae97d447dde9debe77e1f37b54e07863","name":"12979397441485398674","path":"D:\\WorkSpace\\Light_Example\\entry\\.preview\\default\\intermediates\\res\\default\\module_compiled\\12979397441485398674","type":"file","isSymbolicLink":false,"fileMetaData":{"size":193,"lastModifiedTime":1723189464217}},{"hashValue":"b71783cf9a39d69715d3703d566f9113","name":"14193309266184088029","path":"D:\\WorkSpace\\Light_Example\\entry\\.preview\\default\\intermediates\\res\\default\\module_compiled\\14193309266184088029","type":"file","isSymbolicLink":false,"fileMetaData":{"size":392,"lastModifiedTime":1723189464215}},{"hashValue":"c408be3bc05d0c4b80cec5e5300b9e87","name":"15138478553592552381","path":"D:\\WorkSpace\\Light_Example\\entry\\.preview\\default\\intermediates\\res\\default\\module_compiled\\15138478553592552381","type":"file","isSymbolicLink":false,"fileMetaData":{"size":446,"lastModifiedTime":1723189464222}},{"hashValue":"b539c8a62d39e3b405485a83d94b878f","name":"4385843761277159696","path":"D:\\WorkSpace\\Light_Example\\entry\\.preview\\default\\intermediates\\res\\default\\module_compiled\\4385843761277159696","type":"file","isSymbolicLink":false,"fileMetaData":{"size":133,"lastModifiedTime":1723189464213}},{"hashValue":"6b3a65679c044b845d26d5bc8e02d00c","name":"4515048612470553478","path":"D:\\WorkSpace\\Light_Example\\entry\\.preview\\default\\intermediates\\res\\default\\module_compiled\\4515048612470553478","type":"file","isSymbolicLink":false,"fileMetaData":{"size":440,"lastModifiedTime":1723189464225}},{"hashValue":"f5352cd1ae81afa56b4f0a93ec327b00","name":"7966217767505092632","path":"D:\\WorkSpace\\Light_Example\\entry\\.preview\\default\\intermediates\\res\\default\\module_compiled\\7966217767505092632","type":"file","isSymbolicLink":false,"fileMetaData":{"size":178,"lastModifiedTime":1723189464216}},{"hashValue":"d96b9cf1b54ded39fbf01a6d04f3aadf","name":"9532785951930166102","path":"D:\\WorkSpace\\Light_Example\\entry\\.preview\\default\\intermediates\\res\\default\\module_compiled\\9532785951930166102","type":"file","isSymbolicLink":false,"fileMetaData":{"size":203,"lastModifiedTime":1723189464218}}]},{"hashValue":"434df8795d3b009be95957f13da23784","name":"module.json","path":"D:\\WorkSpace\\Light_Example\\entry\\.preview\\default\\intermediates\\res\\default\\module.json","type":"file","isSymbolicLink":false,"fileMetaData":{"size":2173,"lastModifiedTime":1723189464346}},{"hashValue":"3cc8b59c7d8856d41f4b638f918d83be","name":"resources","path":"D:\\WorkSpace\\Light_Example\\entry\\.preview\\default\\intermediates\\res\\default\\resources","type":"directory","isSymbolicLink":false,"children":[{"hashValue":"b5cf18bcb19f30e7d42392fc43c8275f","name":"base","path":"D:\\WorkSpace\\Light_Example\\entry\\.preview\\default\\intermediates\\res\\default\\resources\\base","type":"directory","isSymbolicLink":false,"children":[{"hashValue":"074d880842ce26b4c76f462a870de162","name":"profile","path":"D:\\WorkSpace\\Light_Example\\entry\\.preview\\default\\intermediates\\res\\default\\resources\\base\\profile","type":"directory","isSymbolicLink":false,"children":[{"hashValue":"ff94f0ab83615926596831d34c60762d","name":"main_pages.json","path":"D:\\WorkSpace\\Light_Example\\entry\\.preview\\default\\intermediates\\res\\default\\resources\\base\\profile\\main_pages.json","type":"file","isSymbolicLink":false,"fileMetaData":{"size":33,"lastModifiedTime":1723189464396}}]}]}]},{"hashValue":"e93e4e8faf2838c9ee9b26bcafb49241","name":"resources.index","path":"D:\\WorkSpace\\Light_Example\\entry\\.preview\\default\\intermediates\\res\\default\\resources.index","type":"file","isSymbolicLink":false,"fileMetaData":{"size":1230,"lastModifiedTime":1723189464343}},{"hashValue":"1c42a9187a3ed2ae8859a50865ed7b5d","name":"ResourceTable.txt","path":"D:\\WorkSpace\\Light_Example\\entry\\.preview\\default\\intermediates\\res\\default\\ResourceTable.txt","type":"file","isSymbolicLink":false,"fileMetaData":{"size":275,"lastModifiedTime":1723189464349}}]},"D:\\WorkSpace\\Light_Example\\entry\\.preview\\default\\generated\\r\\default":{"hashValue":"0fb7f6b144b63e59c856c30f835f4667","name":"default","path":"D:\\WorkSpace\\Light_Example\\entry\\.preview\\default\\generated\\r\\default","type":"directory","isSymbolicLink":false,"children":[{"hashValue":"b23f9f5cbf38fd8e1471f890c7fbeb11","name":"ResourceTable.h","path":"D:\\WorkSpace\\Light_Example\\entry\\.preview\\default\\generated\\r\\default\\ResourceTable.h","type":"file","isSymbolicLink":false,"fileMetaData":{"size":1134,"lastModifiedTime":1723189464347}}]},"D:\\WorkSpace\\Light_Example\\entry\\.preview\\config\\buildConfig.json":{"hashValue":"88626ba43097cf41f169c899778f04e2","name":"buildConfig.json","path":"D:\\WorkSpace\\Light_Example\\entry\\.preview\\config\\buildConfig.json","type":"file","isSymbolicLink":false,"fileMetaData":{"size":1663,"lastModifiedTime":1723189489014}},"D:\\WorkSpace\\Light_Example\\entry\\.preview\\default\\intermediates\\res\\default\\module.json":{"hashValue":"434df8795d3b009be95957f13da23784","name":"module.json","path":"D:\\WorkSpace\\Light_Example\\entry\\.preview\\default\\intermediates\\res\\default\\module.json","type":"file","isSymbolicLink":false,"fileMetaData":{"size":2173,"lastModifiedTime":1723189464346}},"D:\\WorkSpace\\Light_Example\\entry\\.preview\\default\\intermediates\\res\\default\\resources\\base\\profile\\main_pages.json":{"hashValue":"7a04dbd01e12a6fdac0e61eadee4cd85","name":"main_pages.json","path":"D:\\WorkSpace\\Light_Example\\entry\\.preview\\default\\intermediates\\res\\default\\resources\\base\\profile\\main_pages.json","type":"file","isSymbolicLink":false,"fileMetaData":{"size":33,"lastModifiedTime":1723189490212}},"D:\\WorkSpace\\Light_Example\\entry\\.preview\\default\\intermediates\\loader\\default":{"hashValue":"657eae33958d064536cfecc2598e08ba","name":"default","path":"D:\\WorkSpace\\Light_Example\\entry\\.preview\\default\\intermediates\\loader\\default","type":"directory","isSymbolicLink":false,"children":[{"hashValue":"d80d99cdd2e4e60411147a10bfcf8cd2","name":"loader.json","path":"D:\\WorkSpace\\Light_Example\\entry\\.preview\\default\\intermediates\\loader\\default\\loader.json","type":"file","isSymbolicLink":false,"fileMetaData":{"size":496,"lastModifiedTime":1723189463615}}]},"D:\\WorkSpace\\Light_Example\\entry\\.preview\\default\\intermediates\\res\\default\\ResourceTable.txt":{"hashValue":"1c42a9187a3ed2ae8859a50865ed7b5d","name":"ResourceTable.txt","path":"D:\\WorkSpace\\Light_Example\\entry\\.preview\\default\\intermediates\\res\\default\\ResourceTable.txt","type":"file","isSymbolicLink":false,"fileMetaData":{"size":275,"lastModifiedTime":1723189464349}},"D:\\WorkSpace\\Light_Example\\entry\\.preview\\default\\intermediates\\res\\default\\resources\\base\\profile":{"hashValue":"4eb7d5a30a8085f91ed0850dee37cc11","name":"profile","path":"D:\\WorkSpace\\Light_Example\\entry\\.preview\\default\\intermediates\\res\\default\\resources\\base\\profile","type":"directory","isSymbolicLink":false,"children":[{"hashValue":"7a04dbd01e12a6fdac0e61eadee4cd85","name":"main_pages.json","path":"D:\\WorkSpace\\Light_Example\\entry\\.preview\\default\\intermediates\\res\\default\\resources\\base\\profile\\main_pages.json","type":"file","isSymbolicLink":false,"fileMetaData":{"size":33,"lastModifiedTime":1723189490212}}]},"D:\\WorkSpace\\Light_Example\\entry\\src\\main\\ets":{"hashValue":"e93e4ebd1b40d7c275c0d27a76f79bb3","name":"ets","path":"D:\\WorkSpace\\Light_Example\\entry\\src\\main\\ets","type":"directory","isSymbolicLink":false,"children":[{"hashValue":"a2f189b2dbd1f0ab8df23968c64be3d7","name":"entryability","path":"D:\\WorkSpace\\Light_Example\\entry\\src\\main\\ets\\entryability","type":"directory","isSymbolicLink":false,"children":[{"hashValue":"830b641cf9f61df11df3ffb76381320b","name":"EntryAbility.ets","path":"D:\\WorkSpace\\Light_Example\\entry\\src\\main\\ets\\entryability\\EntryAbility.ets","type":"file","isSymbolicLink":false,"fileMetaData":{"size":1547,"lastModifiedTime":1723189391599}}]},{"hashValue":"0b172b8f01cc5976128a6583abc912c0","name":"pages","path":"D:\\WorkSpace\\Light_Example\\entry\\src\\main\\ets\\pages","type":"directory","isSymbolicLink":false,"children":[{"hashValue":"e9ba10ec744e3223ac1fb52ea1cca179","name":"Index.ets","path":"D:\\WorkSpace\\Light_Example\\entry\\src\\main\\ets\\pages\\Index.ets","type":"file","isSymbolicLink":false,"fileMetaData":{"size":267,"lastModifiedTime":1723189386368}},{"hashValue":"0a055f3087b076bef149f0e194237aa4","name":"solution","path":"D:\\WorkSpace\\Light_Example\\entry\\src\\main\\ets\\pages\\solution","type":"directory","isSymbolicLink":false,"children":[{"hashValue":"bda814e7d53af971617e4a1c525dc0f1","name":"images","path":"D:\\WorkSpace\\Light_Example\\entry\\src\\main\\ets\\pages\\solution\\images","type":"directory","isSymbolicLink":false,"children":[{"hashValue":"c5f922ee2ae08c4aa0acd8f3077a2ac6","name":"img_dark.png","path":"D:\\WorkSpace\\Light_Example\\entry\\src\\main\\ets\\pages\\solution\\images\\img_dark.png","type":"file","isSymbolicLink":false,"fileMetaData":{"size":8970,"lastModifiedTime":1703657850000}},{"hashValue":"0ae22533782e044c91dc53d16fa32c93","name":"img_light.png","path":"D:\\WorkSpace\\Light_Example\\entry\\src\\main\\ets\\pages\\solution\\images\\img_light.png","type":"file","isSymbolicLink":false,"fileMetaData":{"size":99882,"lastModifiedTime":1703657850000}}]},{"hashValue":"17e883f7c664df0cfb93f4d3c859eaeb","name":"Light.ets","path":"D:\\WorkSpace\\Light_Example\\entry\\src\\main\\ets\\pages\\solution\\Light.ets","type":"file","isSymbolicLink":false,"fileMetaData":{"size":756,"lastModifiedTime":1723189460061}}]}]}]},"{\"commandList\":[\"C:\\\\Users\\\\k50038792\\\\AppData\\\\Local\\\\OpenHarmony\\\\Sdk\\\\11\\\\toolchains\\\\restool.exe\",\"-m\",\"entry\",\"-f\",\"-j\",\"D:\\\\WorkSpace\\\\Light_Example\\\\entry\\\\.preview\\\\default\\\\intermediates\\\\process_profile\\\\default\\\\module.json\",\"-p\",\"com.example.light_example\",\"-o\",\"D:\\\\WorkSpace\\\\Light_Example\\\\entry\\\\.preview\\\\default\\\\intermediates\\\\res\\\\default\",\"-r\",\"D:\\\\WorkSpace\\\\Light_Example\\\\entry\\\\.preview\\\\default\\\\generated\\\\r\\\\default\\\\ResourceTable.h\"],\"inputFiles\":{\"_group\":{}},\"outputFiles\":{\"_group\":{}},\"existsResourceDir\":true,\"restoolLinkParamObj\":{\"appScopeResources\":\"D:\\\\WorkSpace\\\\Light_Example\\\\AppScope\\\\resources\",\"moduleResourcesMap\":{},\"harResourcesMap\":{},\"outputPath\":\"D:\\\\WorkSpace\\\\Light_Example\\\\entry\\\\.preview\\\\default\\\\intermediates\\\\res\\\\default\",\"linkCommand\":[\"C:\\\\Users\\\\k50038792\\\\AppData\\\\Local\\\\OpenHarmony\\\\Sdk\\\\11\\\\toolchains\\\\restool.exe\",\"-m\",\"entry\",\"-f\",\"-j\",\"D:\\\\WorkSpace\\\\Light_Example\\\\entry\\\\.preview\\\\default\\\\intermediates\\\\process_profile\\\\default\\\\module.json\",\"-p\",\"com.example.light_example\",\"-r\",\"D:\\\\WorkSpace\\\\Light_Example\\\\entry\\\\.preview\\\\default\\\\generated\\\\r\\\\default\\\\ResourceTable.h\",\"-z\",\"--ids\",\"D:\\\\WorkSpace\\\\Light_Example\\\\entry\\\\.preview\\\\default\\\\intermediates\\\\res\\\\default\\\\ids_map\",\"--defined-ids\",\"D:\\\\WorkSpace\\\\Light_Example\\\\entry\\\\.preview\\\\default\\\\intermediates\\\\res\\\\default\\\\ids_map\\\\id_defined.json\"],\"idsMapPath\":\"D:\\\\WorkSpace\\\\Light_Example\\\\entry\\\\.preview\\\\default\\\\intermediates\\\\res\\\\default\\\\ids_map\"}}":{"hashValue":"","name":"emptyroot","path":"","type":"unknown","isSymbolicLink":false,"children":[]},"D:\\WorkSpace\\Light_Example\\entry\\.preview\\default\\intermediates\\loader_out\\default\\ets":{"hashValue":"","name":"emptyroot","path":"","type":"unknown","isSymbolicLink":false,"children":[]}}