{":Light_Example:entry:default@PreBuild":{"_inputs":[{"dataType":"ValueEntry","value":"{\"_name\":\"BUILTIN_TASK_COMMAND\",\"_value\":\"\",\"_valueType\":\"string\",\"_hash\":\"0b5d05294fdf4e78e8482ef53eb64ac0\"}"},{"dataType":"ValueEntry","value":"{\"_name\":\"BUILTIN_TASK_ENV\",\"_value\":\"\",\"_valueType\":\"string\",\"_hash\":\"cdcdc2ec8062ca9ec1de46dbf2bbc053\"}"},{"dataType":"ValueEntry","value":"{\"_name\":\"BUILTIN_TASK_TOOLCHAIN\",\"_value\":\"\",\"_valueType\":\"string\",\"_hash\":\"e7f94a9422a8bc317a7d90b58efcb5f6\"}"},{"dataType":"ValueEntry","value":"{\"_name\":\"apiType\",\"_value\":\"stageMode\",\"_valueType\":\"string\",\"_hash\":\"699c7565645ea3ea8c88551a4926a3d5\"}"},{"dataType":"ValueEntry","value":"{\"_name\":\"codeType\",\"_value\":true,\"_valueType\":\"boolean\",\"_hash\":\"d6dcf21a9f078b661283507536e57ce8\"}"},{"dataType":"ValueEntry","value":"{\"_name\":\"compatibleApiVersion\",\"_value\":11,\"_valueType\":\"number\",\"_hash\":\"93f5cd3d75ef7f4c00083401b682d592\"}"},{"dataType":"ValueEntry","value":"{\"_name\":\"compileApiVersion\",\"_value\":11,\"_valueType\":\"number\",\"_hash\":\"e44e5a65058824d789a8244107920ae0\"}"},{"dataType":"ValueEntry","value":"{\"_name\":\"customTypes\",\"_value\":\"\",\"_valueType\":\"string\",\"_hash\":\"970a2695bffac1c5a4fa283dc36050e3\"}"},{"dataType":"ValueEntry","value":"{\"_name\":\"deviceType\",\"_value\":[\"default\",\"tablet\"],\"_valueType\":\"object\",\"_hash\":\"3f44547af15457ff8e1ec09282ca9922\"}"},{"dataType":"ValueEntry","value":"{\"_name\":\"isSupportOhpmProj\",\"_value\":true,\"_valueType\":\"boolean\",\"_hash\":\"f3a249d7e3f751316e931b8a08b074b4\"}"},{"dataType":"ValueEntry","value":"{\"_name\":\"profileModuleName\",\"_value\":\"entry\",\"_valueType\":\"string\",\"_hash\":\"b174ea6ff5824844dde5ad92f6b3ef2b\"}"},{"dataType":"ValueEntry","value":"{\"_name\":\"sdkToolchainsComponentVersion\",\"_value\":\"4.1.7.5\",\"_valueType\":\"string\",\"_hash\":\"4b828c9956f5759b95ff9d8a02d56394\"}"},{"dataType":"ValueEntry","value":"{\"_name\":\"targetStatusCode\",\"_value\":1,\"_valueType\":\"number\",\"_hash\":\"0ec6123a9c2b84b1bb8ff1aa490b637d\"}"}],"_successful":true,"_projectName":"Light_Example","_moduleName":"entry","_taskName":"default@PreBuild","_key":":Light_Example:entry:default@PreBuild","_executionId":":Light_Example:entry:default@PreBuild:1723189463110","_inputFiles":{"dataType":"Map","value":[["D:\\WorkSpace\\Light_Example\\AppScope\\app.json5",{"isDirectory":false,"fileSnapShotHashValue":"de0535903064dce38716a175b1fff92c"}],["D:\\WorkSpace\\Light_Example\\entry\\src\\main\\module.json5",{"isDirectory":false,"fileSnapShotHashValue":"9936bd00a0b413f8701995a740a913cc"}],["D:\\WorkSpace\\Light_Example\\build-profile.json5",{"fileSnapShotHashValue":"f17f9045a90c12512ec495a172eb62a6"}],["D:\\WorkSpace\\Light_Example\\entry\\build-profile.json5",{"fileSnapShotHashValue":"c06a585f07b4c4f69997905d91b2546b"}],["D:\\WorkSpace\\Light_Example\\entry\\src\\main\\resources\\base\\profile\\main_pages.json",{"fileSnapShotHashValue":"da51feee215e20671ee09f394f8c1f31"}],["D:\\WorkSpace\\Light_Example\\entry\\oh-package.json5",{"fileSnapShotHashValue":"5caa006e50bb9cb190a18178c54be6db"}]]},"_outputFiles":{"dataType":"Map","value":[]}},":Light_Example:entry:default@CreateBuildProfile":{"_inputs":[{"dataType":"ValueEntry","value":"{\"_name\":\"BUILTIN_TASK_COMMAND\",\"_value\":\"\",\"_valueType\":\"string\",\"_hash\":\"0b5d05294fdf4e78e8482ef53eb64ac0\"}"},{"dataType":"ValueEntry","value":"{\"_name\":\"BUILTIN_TASK_ENV\",\"_value\":\"\",\"_valueType\":\"string\",\"_hash\":\"cdcdc2ec8062ca9ec1de46dbf2bbc053\"}"},{"dataType":"ValueEntry","value":"{\"_name\":\"BUILTIN_TASK_TOOLCHAIN\",\"_value\":\"\",\"_valueType\":\"string\",\"_hash\":\"e7f94a9422a8bc317a7d90b58efcb5f6\"}"},{"dataType":"ValueEntry","value":"{\"_name\":\"buildMode\",\"_value\":\"Debug\",\"_valueType\":\"string\",\"_hash\":\"8120d22ada0d6de22b101e1f4ea16e81\"}"}],"_successful":true,"_projectName":"Light_Example","_moduleName":"entry","_taskName":"default@CreateBuildProfile","_key":":Light_Example:entry:default@CreateBuildProfile","_executionId":":Light_Example:entry:default@CreateBuildProfile:1723189463587","_inputFiles":{"dataType":"Map","value":[["D:\\WorkSpace\\Light_Example\\AppScope\\app.json5",{"fileSnapShotHashValue":"de0535903064dce38716a175b1fff92c"}],["D:\\WorkSpace\\Light_Example\\build-profile.json5",{"fileSnapShotHashValue":"f17f9045a90c12512ec495a172eb62a6"}]]},"_outputFiles":{"dataType":"Map","value":[["D:\\WorkSpace\\Light_Example\\entry\\.preview\\default\\generated\\profile\\default\\BuildProfile.ets",{"fileSnapShotHashValue":"e97f3ef08b7689cd7ab0031fe7f0ad17"}]]}},":Light_Example:entry:default@GenerateLoaderJson":{"_inputs":[{"dataType":"ValueEntry","value":"{\"_name\":\"BUILTIN_TASK_COMMAND\",\"_value\":\"\",\"_valueType\":\"string\",\"_hash\":\"0b5d05294fdf4e78e8482ef53eb64ac0\"}"},{"dataType":"ValueEntry","value":"{\"_name\":\"BUILTIN_TASK_ENV\",\"_value\":\"\",\"_valueType\":\"string\",\"_hash\":\"cdcdc2ec8062ca9ec1de46dbf2bbc053\"}"},{"dataType":"ValueEntry","value":"{\"_name\":\"BUILTIN_TASK_TOOLCHAIN\",\"_value\":\"\",\"_valueType\":\"string\",\"_hash\":\"e7f94a9422a8bc317a7d90b58efcb5f6\"}"},{"dataType":"ValueEntry","value":"{\"_name\":\"anBuildMode\",\"_value\":\"type\",\"_valueType\":\"string\",\"_hash\":\"de241a1eec94a2a622ff1c89f32846a2\"}"},{"dataType":"ValueEntry","value":"{\"_name\":\"apPath\",\"_value\":\"D:\\\\WorkSpace\\\\Light_Example\\\\entry\\\\modules.ap\",\"_valueType\":\"string\",\"_hash\":\"861c1529c35a6c331a33c27ec6329e9f\"}"},{"dataType":"ValueEntry","value":"{\"_name\":\"compileMode\",\"_value\":\"esmodule\",\"_valueType\":\"string\",\"_hash\":\"dacafc8e0b77a950178a0b4d142dc32c\"}"},{"dataType":"ValueEntry","value":"{\"_name\":\"fallbackAnBuild\",\"_value\":false,\"_valueType\":\"boolean\",\"_hash\":\"a63e98bb3f368ced6ed4d5579ea7ca39\"}"},{"dataType":"ValueEntry","value":"{\"_name\":\"harNameOhmMap\",\"_value\":\"{}\",\"_valueType\":\"string\",\"_hash\":\"0faf006bccbcdc2c7f04ff2d8c87894f\"}"},{"dataType":"ValueEntry","value":"{\"_name\":\"modulePathMap\",\"_value\":\"{\\\"entry\\\":\\\"D:\\\\\\\\WorkSpace\\\\\\\\Light_Example\\\\\\\\entry\\\"}\",\"_valueType\":\"string\",\"_hash\":\"273cad7632b5130cebc3ce8b4528e5ba\"}"},{"dataType":"ValueEntry","value":"{\"_name\":\"nodeModulesPath\",\"_value\":\"D:\\\\WorkSpace\\\\Light_Example\\\\entry\\\\.preview\\\\default\\\\intermediates\\\\loader_out\\\\default\\\\node_modules\",\"_valueType\":\"string\",\"_hash\":\"400a810fb7a2f6c7a50920d63df306b2\"}"},{"dataType":"ValueEntry","value":"{\"_name\":\"projectRootPath\",\"_value\":\"D:\\\\WorkSpace\\\\Light_Example\",\"_valueType\":\"string\",\"_hash\":\"0a4eb2c95b18a6d360b7691f6cd7a43d\"}"},{"dataType":"ValueEntry","value":"{\"_name\":\"targetConfig\",\"_value\":\"{\\\"name\\\":\\\"default\\\"}\",\"_valueType\":\"string\",\"_hash\":\"44f0c01d44e2bbf4013c5bb1f232e1fe\"}"}],"_successful":true,"_projectName":"Light_Example","_moduleName":"entry","_taskName":"default@GenerateLoaderJson","_key":":Light_Example:entry:default@GenerateLoaderJson","_executionId":":Light_Example:entry:default@GenerateLoaderJson:1723189463606","_inputFiles":{"dataType":"Map","value":[["D:\\WorkSpace\\Light_Example\\entry\\src\\mock\\mock-config.json5",{"fileSnapShotHashValue":"8bfdd195ca997474415a0808f63e8148"}]]},"_outputFiles":{"dataType":"Map","value":[["D:\\WorkSpace\\Light_Example\\entry\\.preview\\default\\intermediates\\loader\\default\\loader.json",{"isDirectory":false,"fileSnapShotHashValue":"d80d99cdd2e4e60411147a10bfcf8cd2"}]]}},":Light_Example:entry:default@MergeProfile":{"_inputs":[{"dataType":"ValueEntry","value":"{\"_name\":\"BUILTIN_TASK_COMMAND\",\"_value\":\"\",\"_valueType\":\"string\",\"_hash\":\"0b5d05294fdf4e78e8482ef53eb64ac0\"}"},{"dataType":"ValueEntry","value":"{\"_name\":\"BUILTIN_TASK_ENV\",\"_value\":\"\",\"_valueType\":\"string\",\"_hash\":\"cdcdc2ec8062ca9ec1de46dbf2bbc053\"}"},{"dataType":"ValueEntry","value":"{\"_name\":\"BUILTIN_TASK_TOOLCHAIN\",\"_value\":\"\",\"_valueType\":\"string\",\"_hash\":\"e7f94a9422a8bc317a7d90b58efcb5f6\"}"},{"dataType":"ValueEntry","value":"{\"_name\":\"asanEnable\",\"_value\":false,\"_valueType\":\"boolean\",\"_hash\":\"bc2129ba20a21b7e5234139ede1b4d7b\"}"},{"dataType":"ValueEntry","value":"{\"_name\":\"buildRoot\",\"_value\":\".preview\",\"_valueType\":\"string\",\"_hash\":\"88e9a315669657b02bc470a13f92befe\"}"},{"dataType":"ValueEntry","value":"{\"_name\":\"compatibleSdkVersion\",\"_value\":11,\"_valueType\":\"number\",\"_hash\":\"0a9ae1c2a584e001c6822783c8cf9636\"}"},{"dataType":"ValueEntry","value":"{\"_name\":\"isDebug\",\"_value\":true,\"_valueType\":\"boolean\",\"_hash\":\"edbf05a2d2be2c385e75d9565a48d419\"}"},{"dataType":"ValueEntry","value":"{\"_name\":\"isHarModule\",\"_value\":false,\"_valueType\":\"boolean\",\"_hash\":\"a15b7a3ed818faa99a4a10d67f52cb72\"}"},{"dataType":"ValueEntry","value":"{\"_name\":\"multiProjects\",\"_value\":false,\"_valueType\":\"boolean\",\"_hash\":\"555604752defc243b4e4c55d1549fc06\"}"},{"dataType":"ValueEntry","value":"{\"_name\":\"releaseType\",\"_value\":\"Release\",\"_valueType\":\"string\",\"_hash\":\"bbcabdda034e97584f8c36f85b3ec517\"}"},{"dataType":"ValueEntry","value":"{\"_name\":\"targetSdkVersion\",\"_value\":11,\"_valueType\":\"number\",\"_hash\":\"578c4c0926086069dd411e7d59783372\"}"}],"_successful":true,"_projectName":"Light_Example","_moduleName":"entry","_taskName":"default@MergeProfile","_key":":Light_Example:entry:default@MergeProfile","_executionId":":Light_Example:entry:default@MergeProfile:1723189463621","_inputFiles":{"dataType":"Map","value":[["D:\\WorkSpace\\Light_Example\\AppScope\\app.json5",{"fileSnapShotHashValue":"de0535903064dce38716a175b1fff92c"}],["D:\\WorkSpace\\Light_Example\\build-profile.json5",{"fileSnapShotHashValue":"f17f9045a90c12512ec495a172eb62a6"}],["D:\\WorkSpace\\Light_Example\\entry\\src\\main\\module.json5",{"fileSnapShotHashValue":"9936bd00a0b413f8701995a740a913cc"}]]},"_outputFiles":{"dataType":"Map","value":[["D:\\WorkSpace\\Light_Example\\entry\\.preview\\default\\intermediates\\merge_profile\\default\\module.json",{"fileSnapShotHashValue":"485f18b4694cf2326893c39be0721f64"}]]}},":Light_Example:entry:default@ProcessProfile":{"_inputs":[{"dataType":"ValueEntry","value":"{\"_name\":\"BUILTIN_TASK_COMMAND\",\"_value\":\"\",\"_valueType\":\"string\",\"_hash\":\"0b5d05294fdf4e78e8482ef53eb64ac0\"}"},{"dataType":"ValueEntry","value":"{\"_name\":\"BUILTIN_TASK_ENV\",\"_value\":\"\",\"_valueType\":\"string\",\"_hash\":\"cdcdc2ec8062ca9ec1de46dbf2bbc053\"}"},{"dataType":"ValueEntry","value":"{\"_name\":\"BUILTIN_TASK_TOOLCHAIN\",\"_value\":\"\",\"_valueType\":\"string\",\"_hash\":\"e7f94a9422a8bc317a7d90b58efcb5f6\"}"},{"dataType":"ValueEntry","value":"{\"_name\":\"arkEnable\",\"_value\":true,\"_valueType\":\"boolean\",\"_hash\":\"750b4bda198545a67903dfb3f6a00a95\"}"},{"dataType":"ValueEntry","value":"{\"_name\":\"compileMode\",\"_value\":\"esmodule\",\"_valueType\":\"string\",\"_hash\":\"dacafc8e0b77a950178a0b4d142dc32c\"}"},{"dataType":"ValueEntry","value":"{\"_name\":\"dependency\",\"_value\":\"[]\",\"_valueType\":\"string\",\"_hash\":\"ac54f3d4ced2d4c1d666d40e4f7c454a\"}"},{"dataType":"ValueEntry","value":"{\"_name\":\"deviceTypes\",\"_value\":[\"default\",\"tablet\"],\"_valueType\":\"object\",\"_hash\":\"0342e19985c07130618d063695ce1f7c\"}"}],"_successful":true,"_projectName":"Light_Example","_moduleName":"entry","_taskName":"default@ProcessProfile","_key":":Light_Example:entry:default@ProcessProfile","_executionId":":Light_Example:entry:default@ProcessProfile:1723189463633","_inputFiles":{"dataType":"Map","value":[["D:\\WorkSpace\\Light_Example\\entry\\.preview\\default\\intermediates\\merge_profile\\default\\module.json",{"fileSnapShotHashValue":"485f18b4694cf2326893c39be0721f64"}]]},"_outputFiles":{"dataType":"Map","value":[["D:\\WorkSpace\\Light_Example\\entry\\.preview\\default\\intermediates\\process_profile\\default\\module.json",{"fileSnapShotHashValue":"215d93827706a3861fa1d463c5344472"}]]}},":Light_Example:entry:default@PreviewProcessResource":{"_inputs":[{"dataType":"ValueEntry","value":"{\"_name\":\"previewCompileResourcesCommand\",\"_value\":\"{\\\"commandList\\\":[\\\"C:\\\\\\\\Users\\\\\\\\k50038792\\\\\\\\AppData\\\\\\\\Local\\\\\\\\OpenHarmony\\\\\\\\Sdk\\\\\\\\11\\\\\\\\toolchains\\\\\\\\restool.exe\\\",\\\"-m\\\",\\\"entry\\\",\\\"-f\\\",\\\"-j\\\",\\\"D:\\\\\\\\WorkSpace\\\\\\\\Light_Example\\\\\\\\entry\\\\\\\\.preview\\\\\\\\default\\\\\\\\intermediates\\\\\\\\process_profile\\\\\\\\default\\\\\\\\module.json\\\",\\\"-p\\\",\\\"com.example.light_example\\\",\\\"-o\\\",\\\"D:\\\\\\\\WorkSpace\\\\\\\\Light_Example\\\\\\\\entry\\\\\\\\.preview\\\\\\\\default\\\\\\\\intermediates\\\\\\\\res\\\\\\\\default\\\",\\\"-r\\\",\\\"D:\\\\\\\\WorkSpace\\\\\\\\Light_Example\\\\\\\\entry\\\\\\\\.preview\\\\\\\\default\\\\\\\\generated\\\\\\\\r\\\\\\\\default\\\\\\\\ResourceTable.h\\\"],\\\"inputFiles\\\":{\\\"_group\\\":{}},\\\"outputFiles\\\":{\\\"_group\\\":{}},\\\"existsResourceDir\\\":true,\\\"restoolLinkParamObj\\\":{\\\"appScopeResources\\\":\\\"D:\\\\\\\\WorkSpace\\\\\\\\Light_Example\\\\\\\\AppScope\\\\\\\\resources\\\",\\\"moduleResourcesMap\\\":{},\\\"harResourcesMap\\\":{},\\\"outputPath\\\":\\\"D:\\\\\\\\WorkSpace\\\\\\\\Light_Example\\\\\\\\entry\\\\\\\\.preview\\\\\\\\default\\\\\\\\intermediates\\\\\\\\res\\\\\\\\default\\\",\\\"linkCommand\\\":[\\\"C:\\\\\\\\Users\\\\\\\\k50038792\\\\\\\\AppData\\\\\\\\Local\\\\\\\\OpenHarmony\\\\\\\\Sdk\\\\\\\\11\\\\\\\\toolchains\\\\\\\\restool.exe\\\",\\\"-m\\\",\\\"entry\\\",\\\"-f\\\",\\\"-j\\\",\\\"D:\\\\\\\\WorkSpace\\\\\\\\Light_Example\\\\\\\\entry\\\\\\\\.preview\\\\\\\\default\\\\\\\\intermediates\\\\\\\\process_profile\\\\\\\\default\\\\\\\\module.json\\\",\\\"-p\\\",\\\"com.example.light_example\\\",\\\"-r\\\",\\\"D:\\\\\\\\WorkSpace\\\\\\\\Light_Example\\\\\\\\entry\\\\\\\\.preview\\\\\\\\default\\\\\\\\generated\\\\\\\\r\\\\\\\\default\\\\\\\\ResourceTable.h\\\",\\\"-z\\\",\\\"--ids\\\",\\\"D:\\\\\\\\WorkSpace\\\\\\\\Light_Example\\\\\\\\entry\\\\\\\\.preview\\\\\\\\default\\\\\\\\intermediates\\\\\\\\res\\\\\\\\default\\\\\\\\ids_map\\\",\\\"--defined-ids\\\",\\\"D:\\\\\\\\WorkSpace\\\\\\\\Light_Example\\\\\\\\entry\\\\\\\\.preview\\\\\\\\default\\\\\\\\intermediates\\\\\\\\res\\\\\\\\default\\\\\\\\ids_map\\\\\\\\id_defined.json\\\"],\\\"idsMapPath\\\":\\\"D:\\\\\\\\WorkSpace\\\\\\\\Light_Example\\\\\\\\entry\\\\\\\\.preview\\\\\\\\default\\\\\\\\intermediates\\\\\\\\res\\\\\\\\default\\\\\\\\ids_map\\\"}}\",\"_valueType\":\"string\"}"},{"dataType":"ValueEntry","value":"{\"_name\":\"BUILTIN_TASK_COMMAND\",\"_value\":\"\",\"_valueType\":\"string\"}"},{"dataType":"ValueEntry","value":"{\"_name\":\"BUILTIN_TASK_TOOLCHAIN\",\"_value\":\"\",\"_valueType\":\"string\"}"},{"dataType":"ValueEntry","value":"{\"_name\":\"BUILTIN_TASK_ENV\",\"_value\":\"\",\"_valueType\":\"string\"}"}],"_successful":true,"_projectName":"Light_Example","_moduleName":"entry","_taskName":"default@PreviewProcessResource","_key":":Light_Example:entry:default@PreviewProcessResource","_executionId":":Light_Example:entry:default@PreviewProcessResource:1723189490138","_inputFiles":{"dataType":"Map","value":[]},"_outputFiles":{"dataType":"Map","value":[["{\"commandList\":[\"C:\\\\Users\\\\k50038792\\\\AppData\\\\Local\\\\OpenHarmony\\\\Sdk\\\\11\\\\toolchains\\\\restool.exe\",\"-m\",\"entry\",\"-f\",\"-j\",\"D:\\\\WorkSpace\\\\Light_Example\\\\entry\\\\.preview\\\\default\\\\intermediates\\\\process_profile\\\\default\\\\module.json\",\"-p\",\"com.example.light_example\",\"-o\",\"D:\\\\WorkSpace\\\\Light_Example\\\\entry\\\\.preview\\\\default\\\\intermediates\\\\res\\\\default\",\"-r\",\"D:\\\\WorkSpace\\\\Light_Example\\\\entry\\\\.preview\\\\default\\\\generated\\\\r\\\\default\\\\ResourceTable.h\"],\"inputFiles\":{\"_group\":{}},\"outputFiles\":{\"_group\":{}},\"existsResourceDir\":true,\"restoolLinkParamObj\":{\"appScopeResources\":\"D:\\\\WorkSpace\\\\Light_Example\\\\AppScope\\\\resources\",\"moduleResourcesMap\":{},\"harResourcesMap\":{},\"outputPath\":\"D:\\\\WorkSpace\\\\Light_Example\\\\entry\\\\.preview\\\\default\\\\intermediates\\\\res\\\\default\",\"linkCommand\":[\"C:\\\\Users\\\\k50038792\\\\AppData\\\\Local\\\\OpenHarmony\\\\Sdk\\\\11\\\\toolchains\\\\restool.exe\",\"-m\",\"entry\",\"-f\",\"-j\",\"D:\\\\WorkSpace\\\\Light_Example\\\\entry\\\\.preview\\\\default\\\\intermediates\\\\process_profile\\\\default\\\\module.json\",\"-p\",\"com.example.light_example\",\"-r\",\"D:\\\\WorkSpace\\\\Light_Example\\\\entry\\\\.preview\\\\default\\\\generated\\\\r\\\\default\\\\ResourceTable.h\",\"-z\",\"--ids\",\"D:\\\\WorkSpace\\\\Light_Example\\\\entry\\\\.preview\\\\default\\\\intermediates\\\\res\\\\default\\\\ids_map\",\"--defined-ids\",\"D:\\\\WorkSpace\\\\Light_Example\\\\entry\\\\.preview\\\\default\\\\intermediates\\\\res\\\\default\\\\ids_map\\\\id_defined.json\"],\"idsMapPath\":\"D:\\\\WorkSpace\\\\Light_Example\\\\entry\\\\.preview\\\\default\\\\intermediates\\\\res\\\\default\\\\ids_map\"}}",{"isDirectory":false,"fileSnapShotHashValue":""}]]}},":Light_Example:entry:default@PreviewCompileResource":{"_inputs":[{"dataType":"ValueEntry","value":"{\"_name\":\"BUILTIN_TASK_COMMAND\",\"_value\":\"\",\"_valueType\":\"string\",\"_hash\":\"0b5d05294fdf4e78e8482ef53eb64ac0\"}"},{"dataType":"ValueEntry","value":"{\"_name\":\"BUILTIN_TASK_ENV\",\"_value\":\"\",\"_valueType\":\"string\",\"_hash\":\"cdcdc2ec8062ca9ec1de46dbf2bbc053\"}"},{"dataType":"ValueEntry","value":"{\"_name\":\"BUILTIN_TASK_TOOLCHAIN\",\"_value\":\"C:\\\\Users\\\\k50038792\\\\AppData\\\\Local\\\\OpenHarmony\\\\Sdk\\\\11\\\\toolchains\\\\restool.exe\",\"_valueType\":\"string\",\"_hash\":\"1af51db15297e1712bf2af010dcbd74c\"}"},{"dataType":"ValueEntry","value":"{\"_name\":\"PREVIEWER_REPLACE_PAGE\",\"_value\":\"\\\"pages/solution/Light\\\"\",\"_valueType\":\"string\",\"_hash\":\"cd7c4124d67318f9217f3806c9b56358\"}"},{"dataType":"ValueEntry","value":"{\"_name\":\"PREVIEWER_REPLACE_SRCPATH\",\"_valueType\":\"undefined\",\"_hash\":\"87c8734cdd76ef404568e7fd0eb4edd7\"}"},{"dataType":"ValueEntry","value":"{\"_name\":\"TARGET_CONFIG\",\"_value\":\"{\\\"name\\\":\\\"default\\\"}\",\"_valueType\":\"string\",\"_hash\":\"ebe85c5c20c0e5d9e03bc5dc7135f953\"}"}],"_successful":true,"_projectName":"Light_Example","_moduleName":"entry","_taskName":"default@PreviewCompileResource","_key":":Light_Example:entry:default@PreviewCompileResource","_executionId":":Light_Example:entry:default@PreviewCompileResource:1723189463902","_inputFiles":{"dataType":"Map","value":[["D:\\WorkSpace\\Light_Example\\entry\\src\\main\\resources",{"fileSnapShotHashValue":"b5b7714cefbb9a8276715566e02f4cf7"}],["D:\\WorkSpace\\Light_Example\\entry\\.preview\\default\\intermediates\\merge_profile\\default\\module.json",{"fileSnapShotHashValue":"485f18b4694cf2326893c39be0721f64"}]]},"_outputFiles":{"dataType":"Map","value":[["D:\\WorkSpace\\Light_Example\\entry\\.preview\\default\\intermediates\\res\\default",{"isDirectory":true,"fileSnapShotHashValue":"ff7347c4a4badfa7acca237c5e769678"}],["D:\\WorkSpace\\Light_Example\\entry\\.preview\\default\\generated\\r\\default",{"isDirectory":true,"fileSnapShotHashValue":"0fb7f6b144b63e59c856c30f835f4667"}]]}},":Light_Example:entry:default@PreviewUpdateAssets":{"_inputs":[{"dataType":"ValueEntry","value":"{\"_name\":\"BUILTIN_TASK_COMMAND\",\"_value\":\"\",\"_valueType\":\"string\"}"},{"dataType":"ValueEntry","value":"{\"_name\":\"BUILTIN_TASK_TOOLCHAIN\",\"_value\":\"\",\"_valueType\":\"string\"}"},{"dataType":"ValueEntry","value":"{\"_name\":\"BUILTIN_TASK_ENV\",\"_value\":\"\",\"_valueType\":\"string\"}"}],"_successful":true,"_projectName":"Light_Example","_moduleName":"entry","_taskName":"default@PreviewUpdateAssets","_key":":Light_Example:entry:default@PreviewUpdateAssets","_executionId":":Light_Example:entry:default@PreviewUpdateAssets:1723189490209","_inputFiles":{"dataType":"Map","value":[["D:\\WorkSpace\\Light_Example\\entry\\.preview\\config\\buildConfig.json",{"isDirectory":false,"fileSnapShotHashValue":"88626ba43097cf41f169c899778f04e2"}]]},"_outputFiles":{"dataType":"Map","value":[["D:\\WorkSpace\\Light_Example\\entry\\.preview\\default\\intermediates\\res\\default\\module.json",{"isDirectory":false,"fileSnapShotHashValue":"434df8795d3b009be95957f13da23784"}],["D:\\WorkSpace\\Light_Example\\entry\\.preview\\default\\intermediates\\res\\default\\resources\\base\\profile\\main_pages.json",{"isDirectory":false,"fileSnapShotHashValue":"7a04dbd01e12a6fdac0e61eadee4cd85"}]]}},":Light_Example:entry:default@PreviewArkTS":{"_inputs":[{"dataType":"ValueEntry","value":"{\"_name\":\"debuggable\",\"_value\":true,\"_valueType\":\"boolean\"}"},{"dataType":"ValueEntry","value":"{\"_name\":\"isArk\",\"_value\":true,\"_valueType\":\"boolean\"}"},{"dataType":"ValueEntry","value":"{\"_name\":\"needCoverageInsert\",\"_value\":false,\"_valueType\":\"boolean\"}"},{"dataType":"ValueEntry","value":"{\"_name\":\"customTypes\",\"_value\":\"\",\"_valueType\":\"string\"}"},{"dataType":"ValueEntry","value":"{\"_name\":\"arkTsWdiget\",\"_value\":false,\"_valueType\":\"boolean\"}"},{"dataType":"ValueEntry","value":"{\"_name\":\"OBFUSCATION_ENABLE\",\"_value\":\"undefined\",\"_valueType\":\"string\"}"},{"dataType":"ValueEntry","value":"{\"_name\":\"BUILTIN_TASK_COMMAND\",\"_value\":\"\",\"_valueType\":\"string\"}"},{"dataType":"ValueEntry","value":"{\"_name\":\"BUILTIN_TASK_TOOLCHAIN\",\"_value\":\"\",\"_valueType\":\"string\"}"},{"dataType":"ValueEntry","value":"{\"_name\":\"BUILTIN_TASK_ENV\",\"_value\":\"\",\"_valueType\":\"string\"}"}],"_successful":true,"_projectName":"Light_Example","_moduleName":"entry","_taskName":"default@PreviewArkTS","_key":":Light_Example:entry:default@PreviewArkTS","_executionId":":Light_Example:entry:default@PreviewArkTS:1723189490238","_inputFiles":{"dataType":"Map","value":[["D:\\WorkSpace\\Light_Example\\entry\\.preview\\default\\intermediates\\loader\\default",{"isDirectory":true,"fileSnapShotHashValue":"657eae33958d064536cfecc2598e08ba"}],["D:\\WorkSpace\\Light_Example\\entry\\.preview\\default\\intermediates\\res\\default\\ResourceTable.txt",{"fileSnapShotHashValue":"1c42a9187a3ed2ae8859a50865ed7b5d"}],["D:\\WorkSpace\\Light_Example\\entry\\.preview\\default\\intermediates\\res\\default\\module.json",{"fileSnapShotHashValue":"434df8795d3b009be95957f13da23784"}],["D:\\WorkSpace\\Light_Example\\entry\\.preview\\default\\intermediates\\res\\default\\resources\\base\\profile",{"isDirectory":true,"fileSnapShotHashValue":"4eb7d5a30a8085f91ed0850dee37cc11"}],["D:\\WorkSpace\\Light_Example\\entry\\src\\main\\ets",{"isDirectory":true,"fileSnapShotHashValue":"e93e4ebd1b40d7c275c0d27a76f79bb3"}],["D:\\WorkSpace\\Light_Example\\entry\\.preview\\default\\generated\\profile\\default\\BuildProfile.ets",{"fileSnapShotHashValue":"e97f3ef08b7689cd7ab0031fe7f0ad17"}]]},"_outputFiles":{"dataType":"Map","value":[["D:\\WorkSpace\\Light_Example\\entry\\.preview\\default\\intermediates\\loader_out\\default\\ets",{"isDirectory":true,"fileSnapShotHashValue":""}]]}}}