{"deviceType":"default,tablet","localPropertiesPath":"D:\\WorkSpace\\Ranking\\local.properties","Path":"C:\\Users\\k50038792\\node\\node-16.20.1\\","note":"false","aceProfilePath":"D:\\WorkSpace\\Ranking\\entry\\.preview\\default\\intermediates\\res\\default\\resources\\base\\profile","isPreview":"true","hapMode":"false","buildMode":"debug","img2bin":"true","projectProfilePath":"D:\\WorkSpace\\Ranking\\build-profile.json5","watchMode":"true","appResource":"D:\\WorkSpace\\Ranking\\entry\\.preview\\default\\intermediates\\res\\default\\ResourceTable.txt","logLevel":"3","stageRouterConfig":{"contents":["{\"module\":{\"pages\":\"$profile:main_pages\",\"name\":\"entry\"}}","{\"src\":[\"pages/RankPage\"]}"],"paths":["D:\\WorkSpace\\Ranking\\entry\\.preview\\default\\intermediates\\res\\default\\module.json","D:\\WorkSpace\\Ranking\\entry\\.preview\\default\\intermediates\\res\\default\\resources\\base\\profile\\main_pages.json"]},"port":"29909","aceBuildJson":"D:\\WorkSpace\\Ranking\\entry\\.preview\\default\\intermediates\\loader\\default\\loader.json","aceModuleRoot":"D:\\WorkSpace\\Ranking\\entry\\src\\main\\ets","aceSoPath":"D:\\WorkSpace\\Ranking\\entry\\.preview\\cache\\nativeDependencies.txt","cachePath":"D:\\WorkSpace\\Ranking\\entry\\.preview\\cache\\.default","aceModuleBuild":"D:\\WorkSpace\\Ranking\\entry\\.preview\\default\\intermediates\\assets\\default\\ets","aceSuperVisualPath":"D:\\WorkSpace\\Ranking\\entry\\src\\main\\supervisual","aceModuleJsonPath":"D:\\WorkSpace\\Ranking\\entry\\.preview\\default\\intermediates\\res\\default\\module.json"}