{"deviceType":"phone,tablet","checkEntry":"true","localPropertiesPath":"C:\\Users\\k50038792\\DevEcoStudioProjects\\Task\\local.properties","Path":"C:\\Users\\k50038792\\node\\node-16.20.1\\","note":"false","aceProfilePath":"C:\\Users\\k50038792\\DevEcoStudioProjects\\Task\\entry\\.preview\\default\\intermediates\\res\\default\\resources\\base\\profile","isPreview":"true","hapMode":"false","buildMode":"debug","img2bin":"true","projectProfilePath":"C:\\Users\\k50038792\\DevEcoStudioProjects\\Task\\build-profile.json5","watchMode":"true","appResource":"C:\\Users\\k50038792\\DevEcoStudioProjects\\Task\\entry\\.preview\\default\\intermediates\\res\\default\\ResourceTable.txt","logLevel":"3","stageRouterConfig":{"contents":["{\"module\":{\"pages\":\"$profile:main_pages\",\"name\":\"entry\"}}","{\"src\":[\"pages/Index\"]}"],"paths":["C:\\Users\\k50038792\\DevEcoStudioProjects\\Task\\entry\\.preview\\default\\intermediates\\res\\default\\module.json","C:\\Users\\k50038792\\DevEcoStudioProjects\\Task\\entry\\.preview\\default\\intermediates\\res\\default\\resources\\base\\profile\\main_pages.json"]},"port":"29906","aceBuildJson":"C:\\Users\\k50038792\\DevEcoStudioProjects\\Task\\entry\\.preview\\default\\intermediates\\loader\\default\\loader.json","aceModuleRoot":"C:\\Users\\k50038792\\DevEcoStudioProjects\\Task\\entry\\src\\main\\ets","aceSoPath":"C:\\Users\\k50038792\\DevEcoStudioProjects\\Task\\entry\\.preview\\cache\\nativeDependencies.txt","cachePath":"C:\\Users\\k50038792\\DevEcoStudioProjects\\Task\\entry\\.preview\\cache\\.default","aceModuleBuild":"C:\\Users\\k50038792\\DevEcoStudioProjects\\Task\\entry\\.preview\\default\\intermediates\\assets\\default\\ets","aceSuperVisualPath":"C:\\Users\\k50038792\\DevEcoStudioProjects\\Task\\entry\\src\\main\\supervisual","aceModuleJsonPath":"C:\\Users\\k50038792\\DevEcoStudioProjects\\Task\\entry\\.preview\\default\\intermediates\\res\\default\\module.json"}