{
  "entry/src/main/ets/entryability/EntryAbility.ets": {
    "version": 3,
    "file": "EntryAbility.ets",
    "sourceRoot": "",
    "sources": [
      "entry/src/main/ets/entryability/EntryAbility.ets"
    ],
    "names": [],
    "mappings": "YAAO,eAAe;OACf,KAAK;OACL,SAAS;YACT,IAAI;YACJ,MAAM;AAEb,MAAM,CAAC,OAAO,OAAO,YAAa,SAAQ,SAAS;IACjD,QAAQ,CAAC,IAAI,EAAE,IAAI,EAAE,WAAW,EAAE,eAAe,CAAC,WAAW,GAAG,IAAI;QAClE,KAAK,CAAC,IAAI,CAAC,MAAM,EAAE,SAAS,EAAE,YAAY,EAAE,kBAAkB,CAAC,CAAC;IAClE,CAAC;IAED,SAAS,IAAI,IAAI;QACf,KAAK,CAAC,IAAI,CAAC,MAAM,EAAE,SAAS,EAAE,YAAY,EAAE,mBAAmB,CAAC,CAAC;IACnE,CAAC;IAED,mBAAmB,CAAC,WAAW,EAAE,MAAM,CAAC,WAAW,GAAG,IAAI;QACxD,yDAAyD;QACzD,KAAK,CAAC,IAAI,CAAC,MAAM,EAAE,SAAS,EAAE,YAAY,EAAE,6BAA6B,CAAC,CAAC;QAE3E,WAAW,CAAC,WAAW,CAAC,aAAa,EAAE,CAAC,GAAG,EAAE,EAAE;YAC7C,IAAI,GAAG,CAAC,IAAI,EAAE;gBACZ,KAAK,CAAC,KAAK,CAAC,MAAM,EAAE,SAAS,EAAE,+CAA+C,EAAE,IAAI,CAAC,SAAS,CAAC,GAAG,CAAC,IAAI,EAAE,CAAC,CAAC;gBAC3G,OAAO;aACR;YACD,KAAK,CAAC,IAAI,CAAC,MAAM,EAAE,SAAS,EAAE,mCAAmC,CAAC,CAAC;QACrE,CAAC,CAAC,CAAC;IACL,CAAC;IAED,oBAAoB,IAAI,IAAI;QAC1B,yDAAyD;QACzD,KAAK,CAAC,IAAI,CAAC,MAAM,EAAE,SAAS,EAAE,YAAY,EAAE,8BAA8B,CAAC,CAAC;IAC9E,CAAC;IAED,YAAY,IAAI,IAAI;QAClB,oCAAoC;QACpC,KAAK,CAAC,IAAI,CAAC,MAAM,EAAE,SAAS,EAAE,YAAY,EAAE,sBAAsB,CAAC,CAAC;IACtE,CAAC;IAED,YAAY,IAAI,IAAI;QAClB,iCAAiC;QACjC,KAAK,CAAC,IAAI,CAAC,MAAM,EAAE,SAAS,EAAE,YAAY,EAAE,sBAAsB,CAAC,CAAC;IACtE,CAAC;CACF"
  },
  "entry/src/main/ets/pages/solution/Light.ets": {
    "version": 3,
    "file": "Light.ets",
    "sourceRoot": "",
    "sources": [
      "entry/src/main/ets/pages/solution/Light.ets"
    ],
    "names": [],
    "mappings": ";IAGS,IAAI,GAAE,OAAO;;MADf,SAAS;IAFhB;;;;;mDAGyB,KAAK;;KAH9B;;;;;;;;;;;;;;;;IAGE,yCAAa,OAAO,EAAS;QAAtB,IAAI;;;QAAJ,IAAI,WAAE,OAAO;;;IAEpB;;YACE,MAAM,QAAC,EAAE,KAAK,EAAE,EAAE,EAAE;;YAApB,MAAM,CAuBL,MAAM,CAAC,MAAM;YAvBd,MAAM,CAwBL,KAAK,CAAC,MAAM;YAxBb,MAAM,CAyBL,cAAc,CAAC,SAAS,CAAC,MAAM;;;;YAxB9B,IAAI,IAAI,CAAC,IAAI,EAAE;;;wBACb,KAAK,QAAC,qCAAqC;;wBAA3C,KAAK,CACF,MAAM,CAAC,GAAG;wBADb,KAAK,CAEF,KAAK,CAAC,GAAG;wBAFZ,KAAK,CAGF,YAAY,CAAC,EAAE;;;aACnB;iBAAM;;;wBACL,KAAK,QAAC,oCAAoC;;wBAA1C,KAAK,CACF,MAAM,CAAC,GAAG;wBADb,KAAK,CAEF,KAAK,CAAC,GAAG;wBAFZ,KAAK,CAGF,YAAY,CAAC,EAAE;;;aACnB;;;;YACD,GAAG,QAAC,EAAE,KAAK,EAAE,EAAE,EAAE;;;;YACf,MAAM,iBAAC,UAAU;;YAAjB,MAAM,CACH,OAAO,CAAC,GAAG,EAAE;gBACZ,IAAI,CAAC,IAAI,GAAG,KAAK,CAAA;YACnB,CAAC;;QAHH,MAAM;;YAIN,MAAM,iBAAC,SAAS;;YAAhB,MAAM,CACH,OAAO,CAAC,GAAG,EAAE;gBACZ,IAAI,CAAC,IAAI,GAAG,IAAI,CAAC;YACnB,CAAC;;QAHH,MAAM;QALR,GAAG;QAZL,MAAM;KA0BP"
  }
}