{"C:\\Users\\k50038792\\DevEcoStudioProjects\\Task\\AppScope\\app.json5":{"hashValue":"42809f7554cd9e2d79b827f8aa2f9ff5","name":"app.json5","path":"C:\\Users\\k50038792\\DevEcoStudioProjects\\Task\\AppScope\\app.json5","type":"file","isSymbolicLink":false,"fileMetaData":{"size":211,"lastModifiedTime":1714746194519}},"C:\\Users\\k50038792\\DevEcoStudioProjects\\Task\\entry\\src\\main\\module.json5":{"hashValue":"dbbed8b2aeb940e3e79349c5c4343815","name":"module.json5","path":"C:\\Users\\k50038792\\DevEcoStudioProjects\\Task\\entry\\src\\main\\module.json5","type":"file","isSymbolicLink":false,"fileMetaData":{"size":939,"lastModifiedTime":1714746194414}},"C:\\Users\\k50038792\\DevEcoStudioProjects\\Task\\entry\\src\\main\\resources\\base\\profile\\main_pages.json":{"hashValue":"ae26117bf63be8379a5aa44b89e5e9ba","name":"main_pages.json","path":"C:\\Users\\k50038792\\DevEcoStudioProjects\\Task\\entry\\src\\main\\resources\\base\\profile\\main_pages.json","type":"file","isSymbolicLink":false,"fileMetaData":{"size":37,"lastModifiedTime":1714746190071}},"C:\\Users\\k50038792\\DevEcoStudioProjects\\Task\\entry\\oh-package.json5":{"hashValue":"fbae5a2e98fd33fa6f1784c320e96c0d","name":"oh-package.json5","path":"C:\\Users\\k50038792\\DevEcoStudioProjects\\Task\\entry\\oh-package.json5","type":"file","isSymbolicLink":false,"fileMetaData":{"size":183,"lastModifiedTime":1714746189476}},"C:\\Users\\k50038792\\DevEcoStudioProjects\\Task\\entry\\.preview\\default\\intermediates\\merge_profile\\default\\module.json":{"hashValue":"8f7a4502b713597e4dd2506225670560","name":"module.json","path":"C:\\Users\\k50038792\\DevEcoStudioProjects\\Task\\entry\\.preview\\default\\intermediates\\merge_profile\\default\\module.json","type":"file","isSymbolicLink":false,"fileMetaData":{"size":1149,"lastModifiedTime":1722428005127}},"C:\\Users\\k50038792\\DevEcoStudioProjects\\Task\\entry\\.preview\\default\\intermediates\\loader\\default\\loader.json":{"hashValue":"98875b151acc3bb7cc8f04fc6260ceea","name":"loader.json","path":"C:\\Users\\k50038792\\DevEcoStudioProjects\\Task\\entry\\.preview\\default\\intermediates\\loader\\default\\loader.json","type":"file","isSymbolicLink":false,"fileMetaData":{"size":393,"lastModifiedTime":1714746302909}},"C:\\Users\\k50038792\\DevEcoStudioProjects\\Task\\entry\\.preview\\default\\intermediates\\process_profile\\default\\module.json":{"hashValue":"4bf721c3cd7f0d3c8566b94a9facfbda","name":"module.json","path":"C:\\Users\\k50038792\\DevEcoStudioProjects\\Task\\entry\\.preview\\default\\intermediates\\process_profile\\default\\module.json","type":"file","isSymbolicLink":false,"fileMetaData":{"size":1234,"lastModifiedTime":1722428005270}},"C:\\Users\\k50038792\\DevEcoStudioProjects\\Task\\entry\\src\\main\\resources":{"hashValue":"17ff3cd33c530e78f737708f4ddc4303","name":"resources","path":"C:\\Users\\k50038792\\DevEcoStudioProjects\\Task\\entry\\src\\main\\resources","type":"directory","isSymbolicLink":false,"children":[{"hashValue":"ce3bc9589e9f0fd218b428cc108de773","name":"base","path":"C:\\Users\\k50038792\\DevEcoStudioProjects\\Task\\entry\\src\\main\\resources\\base","type":"directory","isSymbolicLink":false,"children":[{"hashValue":"32ca297c6e47d7729ef612c4654b7553","name":"element","path":"C:\\Users\\k50038792\\DevEcoStudioProjects\\Task\\entry\\src\\main\\resources\\base\\element","type":"directory","isSymbolicLink":false,"children":[{"hashValue":"6bae19ddc667f96ce3e242ded8136dc8","name":"color.json","path":"C:\\Users\\k50038792\\DevEcoStudioProjects\\Task\\entry\\src\\main\\resources\\base\\element\\color.json","type":"file","isSymbolicLink":false,"fileMetaData":{"size":105,"lastModifiedTime":1714746189969}},{"hashValue":"2fd51d1a9f01ee7e042289780c4f50ec","name":"string.json","path":"C:\\Users\\k50038792\\DevEcoStudioProjects\\Task\\entry\\src\\main\\resources\\base\\element\\string.json","type":"file","isSymbolicLink":false,"fileMetaData":{"size":247,"lastModifiedTime":1714746194472}}]},{"hashValue":"1053dc0b0072419bd47d5a6957443b95","name":"media","path":"C:\\Users\\k50038792\\DevEcoStudioProjects\\Task\\entry\\src\\main\\resources\\base\\media","type":"directory","isSymbolicLink":false,"children":[{"hashValue":"4839e6c44f9eba2e4af99d303503036d","name":"ic_default.png","path":"C:\\Users\\k50038792\\DevEcoStudioProjects\\Task\\entry\\src\\main\\resources\\base\\media\\ic_default.png","type":"file","isSymbolicLink":false,"fileMetaData":{"size":3191,"lastModifiedTime":1722431248689}},{"hashValue":"e3819ab2b624106c0710abd4763afc90","name":"ic_ok.png","path":"C:\\Users\\k50038792\\DevEcoStudioProjects\\Task\\entry\\src\\main\\resources\\base\\media\\ic_ok.png","type":"file","isSymbolicLink":false,"fileMetaData":{"size":11349,"lastModifiedTime":1722431281254}},{"hashValue":"9439ae25b9e598e110419f1330bb8716","name":"icon.png","path":"C:\\Users\\k50038792\\DevEcoStudioProjects\\Task\\entry\\src\\main\\resources\\base\\media\\icon.png","type":"file","isSymbolicLink":false,"fileMetaData":{"size":2041,"lastModifiedTime":1712230186274}},{"hashValue":"bd3f4de256145d653fc3056a3fe2e877","name":"startIcon.png","path":"C:\\Users\\k50038792\\DevEcoStudioProjects\\Task\\entry\\src\\main\\resources\\base\\media\\startIcon.png","type":"file","isSymbolicLink":false,"fileMetaData":{"size":4351,"lastModifiedTime":1712230186299}}]},{"hashValue":"0f3ea913721ad15ded22b4e0ff462dea","name":"profile","path":"C:\\Users\\k50038792\\DevEcoStudioProjects\\Task\\entry\\src\\main\\resources\\base\\profile","type":"directory","isSymbolicLink":false,"children":[{"hashValue":"ae26117bf63be8379a5aa44b89e5e9ba","name":"main_pages.json","path":"C:\\Users\\k50038792\\DevEcoStudioProjects\\Task\\entry\\src\\main\\resources\\base\\profile\\main_pages.json","type":"file","isSymbolicLink":false,"fileMetaData":{"size":37,"lastModifiedTime":1714746190071}}]}]},{"hashValue":"5fdc8ea1a38c1d5114a97108db6cdfca","name":"en_US","path":"C:\\Users\\k50038792\\DevEcoStudioProjects\\Task\\entry\\src\\main\\resources\\en_US","type":"directory","isSymbolicLink":false,"children":[{"hashValue":"eeb27619cb8ccb80f2e70ad30fe73c5f","name":"element","path":"C:\\Users\\k50038792\\DevEcoStudioProjects\\Task\\entry\\src\\main\\resources\\en_US\\element","type":"directory","isSymbolicLink":false,"children":[{"hashValue":"31b4b3f3f36e34d9373598f176873c5a","name":"string.json","path":"C:\\Users\\k50038792\\DevEcoStudioProjects\\Task\\entry\\src\\main\\resources\\en_US\\element\\string.json","type":"file","isSymbolicLink":false,"fileMetaData":{"size":247,"lastModifiedTime":1714746194486}}]}]},{"hashValue":"","name":"rawfile","path":"C:\\Users\\k50038792\\DevEcoStudioProjects\\Task\\entry\\src\\main\\resources\\rawfile","type":"directory","isSymbolicLink":false,"children":[]},{"hashValue":"d994730965517d0426867b81edcbd83f","name":"zh_CN","path":"C:\\Users\\k50038792\\DevEcoStudioProjects\\Task\\entry\\src\\main\\resources\\zh_CN","type":"directory","isSymbolicLink":false,"children":[{"hashValue":"ff91adb10e2cf0bf301cfef4390140c5","name":"element","path":"C:\\Users\\k50038792\\DevEcoStudioProjects\\Task\\entry\\src\\main\\resources\\zh_CN\\element","type":"directory","isSymbolicLink":false,"children":[{"hashValue":"90ebb4b947cc804c32d969b3dfb0c3b4","name":"string.json","path":"C:\\Users\\k50038792\\DevEcoStudioProjects\\Task\\entry\\src\\main\\resources\\zh_CN\\element\\string.json","type":"file","isSymbolicLink":false,"fileMetaData":{"size":241,"lastModifiedTime":1714746194503}}]}]}]},"C:\\Users\\k50038792\\DevEcoStudioProjects\\Task\\AppScope\\resources":{"hashValue":"0e47784ffe1de19290f6bcaf1761bbfd","name":"resources","path":"C:\\Users\\k50038792\\DevEcoStudioProjects\\Task\\AppScope\\resources","type":"directory","isSymbolicLink":false,"children":[{"hashValue":"7a6806fb5275afaa4ea15d99380e1bf4","name":"base","path":"C:\\Users\\k50038792\\DevEcoStudioProjects\\Task\\AppScope\\resources\\base","type":"directory","isSymbolicLink":false,"children":[{"hashValue":"2f59c3d1cfe659fdb03522b38a21324b","name":"element","path":"C:\\Users\\k50038792\\DevEcoStudioProjects\\Task\\AppScope\\resources\\base\\element","type":"directory","isSymbolicLink":false,"children":[{"hashValue":"2490adb8b6833915ae1d2b144ab5c365","name":"string.json","path":"C:\\Users\\k50038792\\DevEcoStudioProjects\\Task\\AppScope\\resources\\base\\element\\string.json","type":"file","isSymbolicLink":false,"fileMetaData":{"size":90,"lastModifiedTime":1714746189411}}]},{"hashValue":"bcd1bc0dfd078c1bbcc0dc147ef8eda7","name":"media","path":"C:\\Users\\k50038792\\DevEcoStudioProjects\\Task\\AppScope\\resources\\base\\media","type":"directory","isSymbolicLink":false,"children":[{"hashValue":"efbf5f7ac8b0ea5cae86d4bdf0c295ba","name":"app_icon.png","path":"C:\\Users\\k50038792\\DevEcoStudioProjects\\Task\\AppScope\\resources\\base\\media\\app_icon.png","type":"file","isSymbolicLink":false,"fileMetaData":{"size":2041,"lastModifiedTime":1714746189387}}]}]}]},"C:\\Users\\k50038792\\DevEcoStudioProjects\\Task\\entry\\.preview\\default\\intermediates\\res\\default":{"hashValue":"916a19ad56e7c6dda3c94658db8d9805","name":"default","path":"C:\\Users\\k50038792\\DevEcoStudioProjects\\Task\\entry\\.preview\\default\\intermediates\\res\\default","type":"directory","isSymbolicLink":false,"children":[{"hashValue":"edb3f2025922f25b9753f47c7fd6465f","name":"app_compiled","path":"C:\\Users\\k50038792\\DevEcoStudioProjects\\Task\\entry\\.preview\\default\\intermediates\\res\\default\\app_compiled","type":"directory","isSymbolicLink":false,"children":[{"hashValue":"be29f918181505716d73f3aa98077095","name":"10557046920174100729","path":"C:\\Users\\k50038792\\DevEcoStudioProjects\\Task\\entry\\.preview\\default\\intermediates\\res\\default\\app_compiled\\10557046920174100729","type":"file","isSymbolicLink":false,"fileMetaData":{"size":214,"lastModifiedTime":1722432012975}},{"hashValue":"5a8c413d0c47fc64e42052bb7a4bc662","name":"17162976709113195467","path":"C:\\Users\\k50038792\\DevEcoStudioProjects\\Task\\entry\\.preview\\default\\intermediates\\res\\default\\app_compiled\\17162976709113195467","type":"file","isSymbolicLink":false,"fileMetaData":{"size":128,"lastModifiedTime":1722432012973}}]},{"hashValue":"7a71ee9caa528b000dea960f3eab04e1","name":"module_compiled","path":"C:\\Users\\k50038792\\DevEcoStudioProjects\\Task\\entry\\.preview\\default\\intermediates\\res\\default\\module_compiled","type":"directory","isSymbolicLink":false,"children":[{"hashValue":"766d8d9ca1433f1cd66fecb24f758f0b","name":"10575814470416089474","path":"C:\\Users\\k50038792\\DevEcoStudioProjects\\Task\\entry\\.preview\\default\\intermediates\\res\\default\\module_compiled\\10575814470416089474","type":"file","isSymbolicLink":false,"fileMetaData":{"size":217,"lastModifiedTime":1722432013029}},{"hashValue":"1d300be602f2ab51c180a5afed33b0eb","name":"1192471248507597177","path":"C:\\Users\\k50038792\\DevEcoStudioProjects\\Task\\entry\\.preview\\default\\intermediates\\res\\default\\module_compiled\\1192471248507597177","type":"file","isSymbolicLink":false,"fileMetaData":{"size":229,"lastModifiedTime":1722432013030}},{"hashValue":"999f6c96442ee0793136661edabb378d","name":"12082286369155308503","path":"C:\\Users\\k50038792\\DevEcoStudioProjects\\Task\\entry\\.preview\\default\\intermediates\\res\\default\\module_compiled\\12082286369155308503","type":"file","isSymbolicLink":false,"fileMetaData":{"size":494,"lastModifiedTime":1722432013035}},{"hashValue":"2986aa8ea060457f95e405baac98d08a","name":"12426707354617946901","path":"C:\\Users\\k50038792\\DevEcoStudioProjects\\Task\\entry\\.preview\\default\\intermediates\\res\\default\\module_compiled\\12426707354617946901","type":"file","isSymbolicLink":false,"fileMetaData":{"size":151,"lastModifiedTime":1722432013023}},{"hashValue":"595ede5aafa276173794951c20cc34f0","name":"380412955957095183","path":"C:\\Users\\k50038792\\DevEcoStudioProjects\\Task\\entry\\.preview\\default\\intermediates\\res\\default\\module_compiled\\380412955957095183","type":"file","isSymbolicLink":false,"fileMetaData":{"size":214,"lastModifiedTime":1722432013028}},{"hashValue":"d4d72189fff5ba29fbdbfd8fbaaad119","name":"5625608851761074932","path":"C:\\Users\\k50038792\\DevEcoStudioProjects\\Task\\entry\\.preview\\default\\intermediates\\res\\default\\module_compiled\\5625608851761074932","type":"file","isSymbolicLink":false,"fileMetaData":{"size":239,"lastModifiedTime":1722432013030}},{"hashValue":"bec8b0e14ef17882eed374a3fdc7a2a0","name":"5713278627197760307","path":"C:\\Users\\k50038792\\DevEcoStudioProjects\\Task\\entry\\.preview\\default\\intermediates\\res\\default\\module_compiled\\5713278627197760307","type":"file","isSymbolicLink":false,"fileMetaData":{"size":500,"lastModifiedTime":1722432013033}},{"hashValue":"43bcee30ff2b754536bf9410cfdc98eb","name":"7468412342866722556","path":"C:\\Users\\k50038792\\DevEcoStudioProjects\\Task\\entry\\.preview\\default\\intermediates\\res\\default\\module_compiled\\7468412342866722556","type":"file","isSymbolicLink":false,"fileMetaData":{"size":446,"lastModifiedTime":1722432013024}},{"hashValue":"7b21fa3ed54999b023786e22f890fb74","name":"8827064729745119384","path":"C:\\Users\\k50038792\\DevEcoStudioProjects\\Task\\entry\\.preview\\default\\intermediates\\res\\default\\module_compiled\\8827064729745119384","type":"file","isSymbolicLink":false,"fileMetaData":{"size":232,"lastModifiedTime":1722432013029}}]},{"hashValue":"c642fc4f6db73fbbce1bdb3b47d0e6b7","name":"module.json","path":"C:\\Users\\k50038792\\DevEcoStudioProjects\\Task\\entry\\.preview\\default\\intermediates\\res\\default\\module.json","type":"file","isSymbolicLink":false,"fileMetaData":{"size":2156,"lastModifiedTime":1722432013124}},{"hashValue":"8c932865fb67b55a14999396ed1d110f","name":"resources","path":"C:\\Users\\k50038792\\DevEcoStudioProjects\\Task\\entry\\.preview\\default\\intermediates\\res\\default\\resources","type":"directory","isSymbolicLink":false,"children":[{"hashValue":"33f11cb5eea5ce4ef21ab7d0cc794641","name":"base","path":"C:\\Users\\k50038792\\DevEcoStudioProjects\\Task\\entry\\.preview\\default\\intermediates\\res\\default\\resources\\base","type":"directory","isSymbolicLink":false,"children":[{"hashValue":"e32eb0761413363b8235d3217df1ea58","name":"profile","path":"C:\\Users\\k50038792\\DevEcoStudioProjects\\Task\\entry\\.preview\\default\\intermediates\\res\\default\\resources\\base\\profile","type":"directory","isSymbolicLink":false,"children":[{"hashValue":"5b93b681877677d1f3b9eb1c5ec8a1e9","name":"main_pages.json","path":"C:\\Users\\k50038792\\DevEcoStudioProjects\\Task\\entry\\.preview\\default\\intermediates\\res\\default\\resources\\base\\profile\\main_pages.json","type":"file","isSymbolicLink":false,"fileMetaData":{"size":24,"lastModifiedTime":1722432013155}}]}]}]},{"hashValue":"2396c1e587ec7b1a26060e795957333c","name":"resources.index","path":"C:\\Users\\k50038792\\DevEcoStudioProjects\\Task\\entry\\.preview\\default\\intermediates\\res\\default\\resources.index","type":"file","isSymbolicLink":false,"fileMetaData":{"size":1545,"lastModifiedTime":1722432013122}},{"hashValue":"b19e1ec17c4daefb6a07c16699f1d596","name":"ResourceTable.txt","path":"C:\\Users\\k50038792\\DevEcoStudioProjects\\Task\\entry\\.preview\\default\\intermediates\\res\\default\\ResourceTable.txt","type":"file","isSymbolicLink":false,"fileMetaData":{"size":326,"lastModifiedTime":1722432013126}}]},"C:\\Users\\k50038792\\DevEcoStudioProjects\\Task\\entry\\.preview\\default\\generated\\r\\default\\ResourceTable.h":{"hashValue":"61c5651bbf4ebf46fcd4417100f9411f","name":"ResourceTable.h","path":"C:\\Users\\k50038792\\DevEcoStudioProjects\\Task\\entry\\.preview\\default\\generated\\r\\default\\ResourceTable.h","type":"file","isSymbolicLink":false,"fileMetaData":{"size":1277,"lastModifiedTime":1715080046413}},"C:\\Users\\k50038792\\DevEcoStudioProjects\\Task\\entry\\.preview\\default\\generated\\r\\default":{"hashValue":"8306bfe2ce4698b27cbe3838879a7231","name":"default","path":"C:\\Users\\k50038792\\DevEcoStudioProjects\\Task\\entry\\.preview\\default\\generated\\r\\default","type":"directory","isSymbolicLink":false,"children":[{"hashValue":"08b8af93d27cc85417dec7e81479a4ec","name":"ResourceTable.h","path":"C:\\Users\\k50038792\\DevEcoStudioProjects\\Task\\entry\\.preview\\default\\generated\\r\\default\\ResourceTable.h","type":"file","isSymbolicLink":false,"fileMetaData":{"size":1219,"lastModifiedTime":1722432013125}}]},"C:\\Users\\k50038792\\DevEcoStudioProjects\\Task\\entry\\.preview\\config\\buildConfig.json":{"hashValue":"7c8026bfe4306262199d367223d4ae69","name":"buildConfig.json","path":"C:\\Users\\k50038792\\DevEcoStudioProjects\\Task\\entry\\.preview\\config\\buildConfig.json","type":"file","isSymbolicLink":false,"fileMetaData":{"size":1932,"lastModifiedTime":1722432012290}},"C:\\Users\\k50038792\\DevEcoStudioProjects\\Task\\entry\\.preview\\default\\intermediates\\res\\default\\module.json":{"hashValue":"c642fc4f6db73fbbce1bdb3b47d0e6b7","name":"module.json","path":"C:\\Users\\k50038792\\DevEcoStudioProjects\\Task\\entry\\.preview\\default\\intermediates\\res\\default\\module.json","type":"file","isSymbolicLink":false,"fileMetaData":{"size":2156,"lastModifiedTime":1722432013124}},"C:\\Users\\k50038792\\DevEcoStudioProjects\\Task\\entry\\.preview\\default\\intermediates\\res\\default\\resources\\base\\profile\\main_pages.json":{"hashValue":"5b93b681877677d1f3b9eb1c5ec8a1e9","name":"main_pages.json","path":"C:\\Users\\k50038792\\DevEcoStudioProjects\\Task\\entry\\.preview\\default\\intermediates\\res\\default\\resources\\base\\profile\\main_pages.json","type":"file","isSymbolicLink":false,"fileMetaData":{"size":24,"lastModifiedTime":1722432013155}},"C:\\Users\\k50038792\\DevEcoStudioProjects\\Task\\entry\\.preview\\default\\intermediates\\loader\\default":{"hashValue":"d8784eb80e203a01890666ced00481a2","name":"default","path":"C:\\Users\\k50038792\\DevEcoStudioProjects\\Task\\entry\\.preview\\default\\intermediates\\loader\\default","type":"directory","isSymbolicLink":false,"children":[{"hashValue":"98875b151acc3bb7cc8f04fc6260ceea","name":"loader.json","path":"C:\\Users\\k50038792\\DevEcoStudioProjects\\Task\\entry\\.preview\\default\\intermediates\\loader\\default\\loader.json","type":"file","isSymbolicLink":false,"fileMetaData":{"size":393,"lastModifiedTime":1714746302909}}]},"C:\\Users\\k50038792\\DevEcoStudioProjects\\Task\\entry\\.preview\\default\\intermediates\\res\\default\\ResourceTable.txt":{"hashValue":"b19e1ec17c4daefb6a07c16699f1d596","name":"ResourceTable.txt","path":"C:\\Users\\k50038792\\DevEcoStudioProjects\\Task\\entry\\.preview\\default\\intermediates\\res\\default\\ResourceTable.txt","type":"file","isSymbolicLink":false,"fileMetaData":{"size":326,"lastModifiedTime":1722432013126}},"C:\\Users\\k50038792\\DevEcoStudioProjects\\Task\\entry\\.preview\\default\\intermediates\\res\\default\\resources\\base\\profile":{"hashValue":"e32eb0761413363b8235d3217df1ea58","name":"profile","path":"C:\\Users\\k50038792\\DevEcoStudioProjects\\Task\\entry\\.preview\\default\\intermediates\\res\\default\\resources\\base\\profile","type":"directory","isSymbolicLink":false,"children":[{"hashValue":"5b93b681877677d1f3b9eb1c5ec8a1e9","name":"main_pages.json","path":"C:\\Users\\k50038792\\DevEcoStudioProjects\\Task\\entry\\.preview\\default\\intermediates\\res\\default\\resources\\base\\profile\\main_pages.json","type":"file","isSymbolicLink":false,"fileMetaData":{"size":24,"lastModifiedTime":1722432013155}}]},"C:\\Users\\k50038792\\DevEcoStudioProjects\\Task\\entry\\src\\main\\ets":{"hashValue":"f3a394cfb2028c553a6ae6eb1b5d9361","name":"ets","path":"C:\\Users\\k50038792\\DevEcoStudioProjects\\Task\\entry\\src\\main\\ets","type":"directory","isSymbolicLink":false,"children":[{"hashValue":"b58625759f4d895898090e88cc66f117","name":"entryability","path":"C:\\Users\\k50038792\\DevEcoStudioProjects\\Task\\entry\\src\\main\\ets\\entryability","type":"directory","isSymbolicLink":false,"children":[{"hashValue":"d454af3af1bdcd88e1c57d6a9b9a689e","name":"EntryAbility.ts","path":"C:\\Users\\k50038792\\DevEcoStudioProjects\\Task\\entry\\src\\main\\ets\\entryability\\EntryAbility.ts","type":"file","isSymbolicLink":false,"fileMetaData":{"size":1598,"lastModifiedTime":1714746194457}}]},{"hashValue":"30101e43f1089f7c0884b59c708c7dd5","name":"font","path":"C:\\Users\\k50038792\\DevEcoStudioProjects\\Task\\entry\\src\\main\\ets\\font","type":"directory","isSymbolicLink":false,"children":[{"hashValue":"02a2d8ca4283963b1b94c0b38043cdb5","name":"PlusJakartaSans-Medium.ttf","path":"C:\\Users\\k50038792\\DevEcoStudioProjects\\Task\\entry\\src\\main\\ets\\font\\PlusJakartaSans-Medium.ttf","type":"file","isSymbolicLink":false,"fileMetaData":{"size":94816,"lastModifiedTime":1687467272000}}]},{"hashValue":"cf894b70e873b404a03442485c240a51","name":"pages","path":"C:\\Users\\k50038792\\DevEcoStudioProjects\\Task\\entry\\src\\main\\ets\\pages","type":"directory","isSymbolicLink":false,"children":[{"hashValue":"ebf439a36a51e7e619bad41e30d598f8","name":"DataModel.ets","path":"C:\\Users\\k50038792\\DevEcoStudioProjects\\Task\\entry\\src\\main\\ets\\pages\\DataModel.ets","type":"file","isSymbolicLink":false,"fileMetaData":{"size":529,"lastModifiedTime":1722429802037}},{"hashValue":"90dc4a69c1a7eb05053070ce7cf15bfd","name":"Index.ets","path":"C:\\Users\\k50038792\\DevEcoStudioProjects\\Task\\entry\\src\\main\\ets\\pages\\Index.ets","type":"file","isSymbolicLink":false,"fileMetaData":{"size":1684,"lastModifiedTime":1722431756520}},{"hashValue":"262a850099b86f34de08dd7d28d76597","name":"ToDoItem.ets","path":"C:\\Users\\k50038792\\DevEcoStudioProjects\\Task\\entry\\src\\main\\ets\\pages\\ToDoItem.ets","type":"file","isSymbolicLink":false,"fileMetaData":{"size":1787,"lastModifiedTime":1722432005523}}]}]},"C:\\Users\\k50038792\\DevEcoStudioProjects\\Task\\build-profile.json5":{"hashValue":"9049aad7f876163a74a860644c42b8b8","name":"build-profile.json5","path":"C:\\Users\\k50038792\\DevEcoStudioProjects\\Task\\build-profile.json5","type":"file","isSymbolicLink":false,"fileMetaData":{"size":577,"lastModifiedTime":1714746194398}},"C:\\Users\\k50038792\\DevEcoStudioProjects\\Task\\entry\\build-profile.json5":{"hashValue":"e64e5cc7185d13fbe8fd61a471dcf6bf","name":"build-profile.json5","path":"C:\\Users\\k50038792\\DevEcoStudioProjects\\Task\\entry\\build-profile.json5","type":"file","isSymbolicLink":false,"fileMetaData":{"size":192,"lastModifiedTime":1714746194430}},"{\"commandList\":[\"C:\\\\Users\\\\k50038792\\\\AppData\\\\Local\\\\Huawei\\\\Sdk\\\\openharmony\\\\9\\\\toolchains\\\\restool.exe\",\"-m\",\"entry\",\"-f\",\"-j\",\"C:\\\\Users\\\\k50038792\\\\DevEcoStudioProjects\\\\Task\\\\entry\\\\.preview\\\\default\\\\intermediates\\\\process_profile\\\\default\\\\module.json\",\"-p\",\"com.example.task\",\"-o\",\"C:\\\\Users\\\\k50038792\\\\DevEcoStudioProjects\\\\Task\\\\entry\\\\.preview\\\\default\\\\intermediates\\\\res\\\\default\",\"-r\",\"C:\\\\Users\\\\k50038792\\\\DevEcoStudioProjects\\\\Task\\\\entry\\\\.preview\\\\default\\\\generated\\\\r\\\\default\\\\ResourceTable.h\"],\"inputFiles\":{\"_group\":{}},\"outputFiles\":{\"_group\":{}},\"existsResourceDir\":true,\"restoolLinkParamObj\":{\"appScopeResources\":\"C:\\\\Users\\\\k50038792\\\\DevEcoStudioProjects\\\\Task\\\\AppScope\\\\resources\",\"moduleResourcesMap\":{},\"harResourcesMap\":{},\"outputPath\":\"C:\\\\Users\\\\k50038792\\\\DevEcoStudioProjects\\\\Task\\\\entry\\\\.preview\\\\default\\\\intermediates\\\\res\\\\default\",\"linkCommand\":[\"C:\\\\Users\\\\k50038792\\\\AppData\\\\Local\\\\Huawei\\\\Sdk\\\\openharmony\\\\9\\\\toolchains\\\\restool.exe\",\"-m\",\"entry\",\"-f\",\"-j\",\"C:\\\\Users\\\\k50038792\\\\DevEcoStudioProjects\\\\Task\\\\entry\\\\.preview\\\\default\\\\intermediates\\\\process_profile\\\\default\\\\module.json\",\"-p\",\"com.example.task\",\"-r\",\"C:\\\\Users\\\\k50038792\\\\DevEcoStudioProjects\\\\Task\\\\entry\\\\.preview\\\\default\\\\generated\\\\r\\\\default\\\\ResourceTable.h\",\"-z\"]}}":{"hashValue":"","name":"emptyroot","path":"","type":"unknown","isSymbolicLink":false,"children":[]},"C:\\Users\\k50038792\\DevEcoStudioProjects\\Task\\entry\\.preview\\default\\intermediates\\loader_out\\default\\ets":{"hashValue":"","name":"emptyroot","path":"","type":"unknown","isSymbolicLink":false,"children":[]}}