{
  "version": "1.0",
  "events": [
    {
      "head": {
        "id": "96e79483-ebea-44bd-99c6-70dd49a88903",
        "name": "hvigor build process will be closed.",
        "description": "",
        "type": "log"
      },
      "body": {
        "pid": 36676,
        "tid": "Main Thread",
        "startTime": 107109493831600
      },
      "additional": {
        "logType": "debug",
        "children": []
      }
    },
    {
      "head": {
        "id": "e70b9d77-8a03-4ded-a871-90bbeac39653",
        "name": "worker[0] exit with exit code 1.",
        "description": "",
        "type": "log"
      },
      "body": {
        "pid": 36676,
        "tid": "Main Thread",
        "startTime": 107109507788200
      },
      "additional": {
        "logType": "debug",
        "children": []
      }
    },
    {
      "head": {
        "id": "3edf56a0-161e-4a0b-bf35-79840b35509e",
        "name": "worker[1] exit with exit code 1.",
        "description": "",
        "type": "log"
      },
      "body": {
        "pid": 36676,
        "tid": "Main Thread",
        "startTime": 107109507963800
      },
      "additional": {
        "logType": "debug",
        "children": []
      }
    },
    {
      "head": {
        "id": "6e01b7b5-673d-410e-8429-31d878dcfe47",
        "name": "hvigor daemon: Check daemon process existed in registry, daemonStatus=half_busy.",
        "description": "",
        "type": "log"
      },
      "body": {
        "pid": 36676,
        "tid": "Main Thread",
        "startTime": 107133832507400
      },
      "additional": {
        "logType": "debug",
        "children": []
      }
    },
    {
      "head": {
        "id": "07fb422f-e23f-4ca4-8bec-e09f571909be",
        "name": "hvigor daemon: Check daemon process existed in registry, daemonStatus=half_busy.",
        "description": "",
        "type": "log"
      },
      "body": {
        "pid": 36676,
        "tid": "Main Thread",
        "startTime": 107163844808000
      },
      "additional": {
        "logType": "debug",
        "children": []
      }
    },
    {
      "head": {
        "id": "1b04c1cf-fabe-4eb7-92ae-f8f07bf52a4d",
        "name": "hvigor daemon: Check daemon process existed in registry, daemonStatus=half_busy.",
        "description": "",
        "type": "log"
      },
      "body": {
        "pid": 36676,
        "tid": "Main Thread",
        "startTime": 107193843320900
      },
      "additional": {
        "logType": "debug",
        "children": []
      }
    },
    {
      "head": {
        "id": "6d766e8f-c45d-4716-95bc-e15ce7e323dd",
        "name": "hvigor daemon: Check daemon process existed in registry, daemonStatus=half_busy.",
        "description": "",
        "type": "log"
      },
      "body": {
        "pid": 36676,
        "tid": "Main Thread",
        "startTime": 107223851136700
      },
      "additional": {
        "logType": "debug",
        "children": []
      }
    },
    {
      "head": {
        "id": "729d1d3c-a8b4-4cb7-ba59-6e9e4c844264",
        "name": "hvigor daemon: Check daemon process existed in registry, daemonStatus=half_busy.",
        "description": "",
        "type": "log"
      },
      "body": {
        "pid": 36676,
        "tid": "Main Thread",
        "startTime": 107253862669800
      },
      "additional": {
        "logType": "debug",
        "children": []
      }
    },
    {
      "head": {
        "id": "84c93878-398f-4bad-a378-9fade257f90c",
        "name": "hvigor daemon: Check daemon process existed in registry, daemonStatus=half_busy.",
        "description": "",
        "type": "log"
      },
      "body": {
        "pid": 36676,
        "tid": "Main Thread",
        "startTime": 107283866374900
      },
      "additional": {
        "logType": "debug",
        "children": []
      }
    },
    {
      "head": {
        "id": "b37e768c-9dcd-45e2-93be-d6782de03ced",
        "name": "hvigor daemon: Check daemon process existed in registry, daemonStatus=half_busy.",
        "description": "",
        "type": "log"
      },
      "body": {
        "pid": 36676,
        "tid": "Main Thread",
        "startTime": 107313869032600
      },
      "additional": {
        "logType": "debug",
        "children": []
      }
    },
    {
      "head": {
        "id": "81a4b9ed-a321-4d23-824e-7127d52970d9",
        "name": "hvigor disconnect:  client namespace disconnect",
        "description": "",
        "type": "log"
      },
      "body": {
        "pid": 36676,
        "tid": "Main Thread",
        "startTime": 107339293601600
      },
      "additional": {
        "logType": "debug",
        "children": []
      }
    },
    {
      "head": {
        "id": "11c8e5ef-3496-4eba-8a8a-cbbf13509e8a",
        "name": "hvigor daemon: terminate worker. threadId=3, socketId=ZLu-kuI7JkwhVkb5AAAJ",
        "description": "",
        "type": "log"
      },
      "body": {
        "pid": 36676,
        "tid": "Main Thread",
        "startTime": 107339294518200
      },
      "additional": {
        "logType": "debug",
        "children": []
      }
    },
    {
      "head": {
        "id": "8c54e1cb-854f-4d93-96b0-2f09bf9a33f1",
        "name": "hvigor daemon: Socket will be closed. socketId=ZLu-kuI7JkwhVkb5AAAJ, connectionCount=0",
        "description": "",
        "type": "log"
      },
      "body": {
        "pid": 36676,
        "tid": "Main Thread",
        "startTime": 107339295572000
      },
      "additional": {
        "logType": "debug",
        "children": []
      }
    },
    {
      "head": {
        "id": "36b94558-1ad1-4936-a846-8ba8d52fa5d3",
        "name": "hvigor daemon: Update daemon info in registry. daemonInfo={\"pid\":36676,\"state\":\"idle\",\"address\":\"127.0.0.1\",\"cwdPath\":\"C:\\\\Users\\\\k50038792\\\\DevEcoStudioProjects\\\\Task\",\"hvigorVersion\":\"3.2.4\",\"keyId\":\"589ebbaa98a0d0356b92255c5ae6a5526f958f13\",\"nodeParams\":\"a3c7cac23ce8db547a7b07254455e2f6\",\"nodeVersion\":\"v16.20.1\",\"port\":45002,\"lastUsedTime\":1722431340326,\"createdBy\":\"deveco\",\"sessionId\":\"000000501ab0f33227a1c4cbdae447e6d2b8802aa3f79b86373dbfef84bb80e58fd8fc5c5afdac7cf653bb09d76a275c8a4bae1fc986f259001e3901e96ecd68afad27fc1af0382156fa5b241dc1cd158f760f38e6ba2167012eccab85898fa6\"}",
        "description": "",
        "type": "log"
      },
      "body": {
        "pid": 36676,
        "tid": "Main Thread",
        "startTime": 107339296968400
      },
      "additional": {
        "logType": "debug",
        "children": []
      }
    },
    {
      "head": {
        "id": "7ee10dba-a2dd-4025-9250-dd0fbc2bb580",
        "name": "Server currently has 0 watch-worker",
        "description": "",
        "type": "log"
      },
      "body": {
        "pid": 36676,
        "tid": "Main Thread",
        "startTime": 107339330216300
      },
      "additional": {
        "logType": "debug",
        "children": []
      }
    },
    {
      "head": {
        "id": "d17e3aa2-e374-458f-aadd-1ad84a3c0d17",
        "name": "hvigor daemon: Check daemon process existed in registry, daemonStatus=idle.",
        "description": "",
        "type": "log"
      },
      "body": {
        "pid": 36676,
        "tid": "Main Thread",
        "startTime": 107343868753700
      },
      "additional": {
        "logType": "debug",
        "children": []
      }
    },
    {
      "head": {
        "id": "8d48a9e6-6102-4092-a28f-827855abb3e7",
        "name": "hvigor daemon: Socket is connected. socketId=g2OmU46jOF6gGSgQAAAL, connectionCount=1",
        "description": "",
        "type": "log"
      },
      "body": {
        "pid": 36676,
        "tid": "Main Thread",
        "startTime": 107346808419700
      },
      "additional": {
        "logType": "debug",
        "children": []
      }
    },
    {
      "head": {
        "id": "31eaed8d-d0b4-41b9-bd5f-3aa749ea631a",
        "name": "hvigor daemon: daemonState=idle \n      daemonInfo=[{\"pid\":355688,\"state\":\"stopped\",\"address\":\"127.0.0.1\",\"cwdPath\":\"D:\\\\WorkSpace\\\\duolingo_webview\",\"hvigorVersion\":\"3.2.4\",\"keyId\":\"b9ca22bcf965a620b61bd30e016cbd383b7e9b6e\",\"nodeParams\":\"a3c7cac23ce8db547a7b07254455e2f6\",\"nodeVersion\":\"v16.20.1\",\"port\":45000,\"lastUsedTime\":1722239571444,\"createdBy\":\"deveco\",\"sessionId\":\"0000005056df7059542ac49842d4624e5e02324dbbfdfdd7641637e1332096e767d2604f8f233cea7bfbef876790ffaaa2605aba8a8728a53c6862fe3c36454b59846d76dc49a21a072a5bb5ff0d70235e2bb7a15d25f222735d2a666b73b96e\",\"info\":\"stopped by exit event with code: -1\"},{\"pid\":345612,\"state\":\"stopped\",\"address\":\"127.0.0.1\",\"cwdPath\":\"D:\\\\WorkSpace\\\\web-app\",\"hvigorVersion\":\"3.2.4\",\"keyId\":\"f117ba459c532cb1f5855135d88aa28cb96a40e1\",\"nodeParams\":\"a3c7cac23ce8db547a7b07254455e2f6\",\"nodeVersion\":\"v20.11.1\",\"port\":45001,\"lastUsedTime\":1722239570117,\"createdBy\":\"deveco\",\"sessionId\":\"00000050fb261f1d6a4204e9b5c9d829c92717fd34e838476d6c63d22c57d68eab01f8612e3339c1ff71c6648e340711209512737de7de82d1c6e7e2ffd58628b08e79623e6a811b8be9487bf8c7dc25b8db78061df5f4a9c33e49d22029965a\",\"info\":\"stopped by signal: 1\"},{\"pid\":327376,\"state\":\"stopped\",\"address\":\"127.0.0.1\",\"cwdPath\":\"D:\\\\WorkSpace\\\\web-app\",\"hvigorVersion\":\"3.2.4\",\"keyId\":\"39f2eb94b26f016c77a8819de97bfe939ff2307c\",\"nodeParams\":\"a3c7cac23ce8db547a7b07254455e2f6\",\"nodeVersion\":\"v20.11.1\",\"port\":45000,\"lastUsedTime\":1722322390120,\"createdBy\":\"deveco\",\"sessionId\":\"00000050b61580da3e02c8fa4e5557d6b88bfa5a4d9e1865afed8ae64dad38d45c0b54f3332473b53922c0e91f8626b67532aa74c2908adc3f2e4c2912d46a455731cdcce52d8417ef2d6958c351d43ea856f7bc503627493aa26b56b5c1f95a\",\"info\":\"stopped by exit event with code: -1\"},{\"pid\":375500,\"state\":\"stopped\",\"address\":\"127.0.0.1\",\"cwdPath\":\"D:\\\\WorkSpace\\\\web-Element\",\"hvigorVersion\":\"3.2.4\",\"keyId\":\"6d2f464e5c6cd4c91b414180d00c51ab3f4b397b\",\"nodeParams\":\"a3c7cac23ce8db547a7b07254455e2f6\",\"nodeVersion\":\"v20.11.1\",\"port\":45002,\"lastUsedTime\":1722322388787,\"createdBy\":\"deveco\",\"sessionId\":\"000000503dde6a3a990a15bf279d04aa41d61b8a20f1316ea113894433e43992a72ec1db2fec71999bc14af7d6159f21d5b4b56f75902155eea389ede1d61c49f5527da830c764c41ed6c828bf137f85b290934f95d0bb8c71cee78d4d2fe03c\",\"info\":\"stopped by exit event with code: -1\"},{\"pid\":24616,\"state\":\"idle\",\"address\":\"127.0.0.1\",\"cwdPath\":\"C:\\\\Users\\\\k50038792\\\\Downloads\\\\docu\\\\Demos\",\"hvigorVersion\":\"3.2.4\",\"keyId\":\"3d4216c575512dff204f10ab01a26e6e17bca0a0\",\"nodeParams\":\"a3c7cac23ce8db547a7b07254455e2f6\",\"nodeVersion\":\"v20.11.1\",\"port\":45000,\"lastUsedTime\":1722421355226,\"createdBy\":\"deveco\",\"sessionId\":\"00000050921c4b6e7c72f9771b1c9941003e68d9fc418b704867fef89cd2a65957a32c8ef66ecc8563d788522e536487fddfe4aa56c75fd28d6766941810747f7cd52692322ca224185aa2b22082b86f3838972800e16e20cbdb31bd9a3a823b\"},{\"pid\":22900,\"state\":\"idle\",\"address\":\"127.0.0.1\",\"cwdPath\":\"D:\\\\WorkSpace\\\\web-app\",\"hvigorVersion\":\"3.2.4\",\"keyId\":\"c2aa501d8294fc343cca3ba85da06f0491c19d85\",\"nodeParams\":\"a3c7cac23ce8db547a7b07254455e2f6\",\"nodeVersion\":\"v20.11.1\",\"port\":45001,\"lastUsedTime\":1722425447125,\"createdBy\":\"deveco\",\"sessionId\":\"000000507382ffbad4756732c789d1b1262aaa24773bc04f17689de6b34d0b60eff6f9f4c0afdc6878bf89836e10a352f61300da9b209faa9c6b904e28081ac6f4569e90839a1118d32d56ff7f3798263184c1adf170f0830958e08b30ff12d0\"},{\"pid\":36676,\"state\":\"idle\",\"address\":\"127.0.0.1\",\"cwdPath\":\"C:\\\\Users\\\\k50038792\\\\DevEcoStudioProjects\\\\Task\",\"hvigorVersion\":\"3.2.4\",\"keyId\":\"589ebbaa98a0d0356b92255c5ae6a5526f958f13\",\"nodeParams\":\"a3c7cac23ce8db547a7b07254455e2f6\",\"nodeVersion\":\"v16.20.1\",\"port\":45002,\"lastUsedTime\":1722431570134,\"createdBy\":\"deveco\",\"sessionId\":\"000000501ab0f33227a1c4cbdae447e6d2b8802aa3f79b86373dbfef84bb80e58fd8fc5c5afdac7cf653bb09d76a275c8a4bae1fc986f259001e3901e96ecd68afad27fc1af0382156fa5b241dc1cd158f760f38e6ba2167012eccab85898fa6\"}]",
        "description": "",
        "type": "log"
      },
      "body": {
        "pid": 36676,
        "tid": "Main Thread",
        "startTime": 107346809774200
      },
      "additional": {
        "logType": "debug",
        "children": []
      }
    },
    {
      "head": {
        "id": "1c5b2d73-958b-4cec-b35a-eb42ad3bb305",
        "name": "hvigor daemon: Update daemon info in registry. daemonInfo={\"pid\":36676,\"state\":\"half_busy\",\"address\":\"127.0.0.1\",\"cwdPath\":\"C:\\\\Users\\\\k50038792\\\\DevEcoStudioProjects\\\\Task\",\"hvigorVersion\":\"3.2.4\",\"keyId\":\"589ebbaa98a0d0356b92255c5ae6a5526f958f13\",\"nodeParams\":\"a3c7cac23ce8db547a7b07254455e2f6\",\"nodeVersion\":\"v16.20.1\",\"port\":45002,\"lastUsedTime\":1722431570134,\"createdBy\":\"deveco\",\"sessionId\":\"000000501ab0f33227a1c4cbdae447e6d2b8802aa3f79b86373dbfef84bb80e58fd8fc5c5afdac7cf653bb09d76a275c8a4bae1fc986f259001e3901e96ecd68afad27fc1af0382156fa5b241dc1cd158f760f38e6ba2167012eccab85898fa6\"}",
        "description": "",
        "type": "log"
      },
      "body": {
        "pid": 36676,
        "tid": "Main Thread",
        "startTime": 107346810883000
      },
      "additional": {
        "logType": "debug",
        "children": []
      }
    },
    {
      "head": {
        "id": "35415017-8a46-4119-9315-0eb41cf8ff78",
        "name": "set active socket. socketId=g2OmU46jOF6gGSgQAAAL",
        "description": "",
        "type": "log"
      },
      "body": {
        "pid": 36676,
        "tid": "Main Thread",
        "startTime": 107346816450600
      },
      "additional": {
        "logType": "debug",
        "children": []
      }
    },
    {
      "head": {
        "id": "b94e34c4-7223-4c72-89a9-c861babcb29e",
        "name": "hvigor daemon: Update daemon info in registry. daemonInfo={\"pid\":36676,\"state\":\"stopReq\",\"address\":\"127.0.0.1\",\"cwdPath\":\"C:\\\\Users\\\\k50038792\\\\DevEcoStudioProjects\\\\Task\",\"hvigorVersion\":\"3.2.4\",\"keyId\":\"589ebbaa98a0d0356b92255c5ae6a5526f958f13\",\"nodeParams\":\"a3c7cac23ce8db547a7b07254455e2f6\",\"nodeVersion\":\"v16.20.1\",\"port\":45002,\"lastUsedTime\":1722431577648,\"createdBy\":\"deveco\",\"sessionId\":\"000000501ab0f33227a1c4cbdae447e6d2b8802aa3f79b86373dbfef84bb80e58fd8fc5c5afdac7cf653bb09d76a275c8a4bae1fc986f259001e3901e96ecd68afad27fc1af0382156fa5b241dc1cd158f760f38e6ba2167012eccab85898fa6\"}",
        "description": "",
        "type": "log"
      },
      "body": {
        "pid": 36676,
        "tid": "Main Thread",
        "startTime": 107346817086100
      },
      "additional": {
        "logType": "debug",
        "children": []
      }
    },
    {
      "head": {
        "id": "37c1ae12-2ac8-47b5-9fd8-4e22fe29a88d",
        "name": "hvigor daemon: Receive data from client. data={\n  mode: 'module',\n  watch: true,\n  parallel: true,\n  prop: [\n    'module=entry@default',\n    'product=default',\n    'pageType=page',\n    'compileResInc=true',\n    'previewMode=true',\n    'buildRoot=.preview'\n  ],\n  incremental: true,\n  _: [ 'PreviewBuild' ],\n  daemon: true\n}.",
        "description": "",
        "type": "log"
      },
      "body": {
        "pid": 36676,
        "tid": "Main Thread",
        "startTime": 107346820754900
      },
      "additional": {
        "logType": "debug",
        "children": []
      }
    },
    {
      "head": {
        "id": "bf463feb-e536-4880-a641-eda46067e39d",
        "name": "hvigor daemon: Build start.",
        "description": "",
        "type": "log"
      },
      "body": {
        "pid": 36676,
        "tid": "Main Thread",
        "startTime": 107346821304100
      },
      "additional": {
        "logType": "debug",
        "children": []
      }
    },
    {
      "head": {
        "id": "f345df59-45d0-4519-bc0e-c91ec3945947",
        "name": "hvigor daemon: Update daemon info in registry. daemonInfo={\"pid\":36676,\"state\":\"busy\",\"address\":\"127.0.0.1\",\"cwdPath\":\"C:\\\\Users\\\\k50038792\\\\DevEcoStudioProjects\\\\Task\",\"hvigorVersion\":\"3.2.4\",\"keyId\":\"589ebbaa98a0d0356b92255c5ae6a5526f958f13\",\"nodeParams\":\"a3c7cac23ce8db547a7b07254455e2f6\",\"nodeVersion\":\"v16.20.1\",\"port\":45002,\"lastUsedTime\":1722431577655,\"createdBy\":\"deveco\",\"sessionId\":\"000000501ab0f33227a1c4cbdae447e6d2b8802aa3f79b86373dbfef84bb80e58fd8fc5c5afdac7cf653bb09d76a275c8a4bae1fc986f259001e3901e96ecd68afad27fc1af0382156fa5b241dc1cd158f760f38e6ba2167012eccab85898fa6\"}",
        "description": "",
        "type": "log"
      },
      "body": {
        "pid": 36676,
        "tid": "Main Thread",
        "startTime": 107346822012300
      },
      "additional": {
        "logType": "debug",
        "children": []
      }
    },
    {
      "head": {
        "id": "7e27a2ee-dace-4896-a14e-35215d43ae04",
        "name": "Hvigor init with startParameters:{\n  hvigorfileTypeCheck: false,\n  parallelExecution: true,\n  incrementalExecution: true,\n  printStackTrace: false,\n  daemon: true,\n  analyze: 0,\n  logLevel: Level { level: 20000, levelStr: 'INFO', colour: 'green' },\n  enableSignTask: true\n}",
        "description": "",
        "type": "log"
      },
      "body": {
        "pid": 36676,
        "tid": "Main Thread",
        "startTime": 107346826256600
      },
      "additional": {
        "logType": "debug",
        "children": []
      }
    },
    {
      "head": {
        "id": "641e7e4d-9366-437e-8acb-d6881d9d3ca7",
        "name": "Cache service initialization finished in 4 ms ",
        "description": "",
        "type": "log"
      },
      "body": {
        "pid": 36676,
        "tid": "Main Thread",
        "startTime": 107346829850700
      },
      "additional": {
        "logType": "debug",
        "children": []
      }
    },
    {
      "head": {
        "id": "be48894e-2d13-42b1-a894-fffab44aceb1",
        "name": "hvigorfile, resolving C:\\Users\\k50038792\\DevEcoStudioProjects\\Task\\hvigorfile.ts",
        "description": "",
        "type": "log"
      },
      "body": {
        "pid": 36676,
        "tid": "Main Thread",
        "startTime": 107346836021100
      },
      "additional": {
        "logType": "debug",
        "children": []
      }
    },
    {
      "head": {
        "id": "416ec72c-76a3-4768-867f-35761c1f07ec",
        "name": "hvigorfile, require result:  { default: { system: [Function: appTasks], plugins: [] } }",
        "description": "",
        "type": "log"
      },
      "body": {
        "pid": 36676,
        "tid": "Main Thread",
        "startTime": 107346842764000
      },
      "additional": {
        "logType": "debug",
        "children": []
      }
    },
    {
      "head": {
        "id": "c7c5fb5b-d6e6-430c-8a74-1f7e3a66c7d9",
        "name": "hvigorfile, binding system plugins [Function: appTasks]",
        "description": "",
        "type": "log"
      },
      "body": {
        "pid": 36676,
        "tid": "Main Thread",
        "startTime": 107346842796700
      },
      "additional": {
        "logType": "debug",
        "children": []
      }
    },
    {
      "head": {
        "id": "8d5c843c-fa49-47cf-9d95-4544538c16da",
        "name": "hvigorfile, binding custom plugins []",
        "description": "",
        "type": "log"
      },
      "body": {
        "pid": 36676,
        "tid": "Main Thread",
        "startTime": 107346849775500
      },
      "additional": {
        "logType": "debug",
        "children": []
      }
    },
    {
      "head": {
        "id": "4af0de71-0b2e-43d7-987d-a5345ead7382",
        "name": "hvigorfile, no custom plugins were found in C:\\Users\\k50038792\\DevEcoStudioProjects\\Task\\hvigorfile.ts",
        "description": "",
        "type": "log"
      },
      "body": {
        "pid": 36676,
        "tid": "Main Thread",
        "startTime": 107346849805400
      },
      "additional": {
        "logType": "debug",
        "children": []
      }
    },
    {
      "head": {
        "id": "5799477e-0d84-4047-ad0e-3c5c2662ff2f",
        "name": "hvigorfile, resolve finished C:\\Users\\k50038792\\DevEcoStudioProjects\\Task\\hvigorfile.ts",
        "description": "",
        "type": "log"
      },
      "body": {
        "pid": 36676,
        "tid": "Main Thread",
        "startTime": 107346849817800
      },
      "additional": {
        "logType": "debug",
        "children": []
      }
    },
    {
      "head": {
        "id": "6c1bf77c-3dec-4a3b-a8f8-aeb302695d33",
        "name": "hvigorfile, resolving C:\\Users\\k50038792\\DevEcoStudioProjects\\Task\\entry\\hvigorfile.ts",
        "description": "",
        "type": "log"
      },
      "body": {
        "pid": 36676,
        "tid": "Main Thread",
        "startTime": 107346852148200
      },
      "additional": {
        "logType": "debug",
        "children": []
      }
    },
    {
      "head": {
        "id": "a0be16b5-0348-4a84-9ede-52a50e6080dc",
        "name": "hvigorfile, require result:  { default: { system: [Function: hapTasks], plugins: [] } }",
        "description": "",
        "type": "log"
      },
      "body": {
        "pid": 36676,
        "tid": "Main Thread",
        "startTime": 107346858366800
      },
      "additional": {
        "logType": "debug",
        "children": []
      }
    },
    {
      "head": {
        "id": "511e82ab-5553-4dee-84aa-aef877ac04b7",
        "name": "hvigorfile, binding system plugins [Function: hapTasks]",
        "description": "",
        "type": "log"
      },
      "body": {
        "pid": 36676,
        "tid": "Main Thread",
        "startTime": 107346858402000
      },
      "additional": {
        "logType": "debug",
        "children": []
      }
    },
    {
      "head": {
        "id": "85c6dc4c-e09c-4bb9-8294-8a4c65b08e5a",
        "name": "Module entry Collected Dependency: ",
        "description": "",
        "type": "log"
      },
      "body": {
        "pid": 36676,
        "tid": "Main Thread",
        "startTime": 107346865748900
      },
      "additional": {
        "logType": "debug",
        "children": []
      }
    },
    {
      "head": {
        "id": "d5aa23f1-258d-467a-b687-2b19c47ce764",
        "name": "Module entry's total dependency: 0",
        "description": "",
        "type": "log"
      },
      "body": {
        "pid": 36676,
        "tid": "Main Thread",
        "startTime": 107346865780300
      },
      "additional": {
        "logType": "debug",
        "children": []
      }
    },
    {
      "head": {
        "id": "844e3131-8458-4a9c-bff4-655072d2689d",
        "name": "Start initialize module-target build option map, moduleName=entry, buildMode=debug",
        "description": "",
        "type": "log"
      },
      "body": {
        "pid": 36676,
        "tid": "Main Thread",
        "startTime": 107346868218100
      },
      "additional": {
        "logType": "debug",
        "children": []
      }
    },
    {
      "head": {
        "id": "94c63130-dd14-4b30-bc4b-b90cfded1087",
        "name": "Target 'default' config: {}",
        "description": "",
        "type": "log"
      },
      "body": {
        "pid": 36676,
        "tid": "Main Thread",
        "startTime": 107346868263900
      },
      "additional": {
        "logType": "debug",
        "children": []
      }
    },
    {
      "head": {
        "id": "56ff9a23-24bd-4f71-bfa1-e3bbfe8bc2dd",
        "name": "Target 'ohosTest' config: {}",
        "description": "",
        "type": "log"
      },
      "body": {
        "pid": 36676,
        "tid": "Main Thread",
        "startTime": 107346868333400
      },
      "additional": {
        "logType": "debug",
        "children": []
      }
    },
    {
      "head": {
        "id": "8fa764ef-f848-4fff-aebd-bae634c10b06",
        "name": "Module 'entry' target 'default' build option: {\n  \"debuggable\": true,\n  \"copyFrom\": \"default\"\n}",
        "description": "",
        "type": "log"
      },
      "body": {
        "pid": 36676,
        "tid": "Main Thread",
        "startTime": 107346868360900
      },
      "additional": {
        "logType": "debug",
        "children": []
      }
    },
    {
      "head": {
        "id": "716f62f8-4e44-4d05-88e3-fbcbff176acd",
        "name": "Module 'entry' target 'ohosTest' build option: {\n  \"debuggable\": true\n}",
        "description": "",
        "type": "log"
      },
      "body": {
        "pid": 36676,
        "tid": "Main Thread",
        "startTime": 107346868370300
      },
      "additional": {
        "logType": "debug",
        "children": []
      }
    },
    {
      "head": {
        "id": "83295e9e-097b-4ab1-9fe3-b04a636527aa",
        "name": "End initialize module-target build option map, moduleName=entry",
        "description": "",
        "type": "log"
      },
      "body": {
        "pid": 36676,
        "tid": "Main Thread",
        "startTime": 107346868376000
      },
      "additional": {
        "logType": "debug",
        "children": []
      }
    },
    {
      "head": {
        "id": "6f9efeb9-6e7c-45c6-92ac-f698e8522589",
        "name": "Module 'entry' target 'default' using build option: {\n  \"debuggable\": true,\n  \"copyFrom\": \"default\"\n} in this build.",
        "description": "",
        "type": "log"
      },
      "body": {
        "pid": 36676,
        "tid": "Main Thread",
        "startTime": 107346868396500
      },
      "additional": {
        "logType": "debug",
        "children": []
      }
    },
    {
      "head": {
        "id": "bd016d27-5bd7-4749-86e9-b5a37ec088ea",
        "name": "require SDK: toolchains,ArkTS; moduleName=entry",
        "description": "",
        "type": "log"
      },
      "body": {
        "pid": 36676,
        "tid": "Main Thread",
        "startTime": 107346870350600
      },
      "additional": {
        "logType": "debug",
        "children": []
      }
    },
    {
      "head": {
        "id": "bed4cf7d-2548-4ef4-841d-8bef8b4b6c29",
        "name": "Module entry task initialization takes 3 ms ",
        "description": "",
        "type": "log"
      },
      "body": {
        "pid": 36676,
        "tid": "Main Thread",
        "startTime": 107346874864200
      },
      "additional": {
        "logType": "debug",
        "children": []
      }
    },
    {
      "head": {
        "id": "b2f0c242-c634-41a1-8a5c-6ec231abb541",
        "name": "hvigorfile, binding custom plugins []",
        "description": "",
        "type": "log"
      },
      "body": {
        "pid": 36676,
        "tid": "Main Thread",
        "startTime": 107346874922400
      },
      "additional": {
        "logType": "debug",
        "children": []
      }
    },
    {
      "head": {
        "id": "82ba2baf-2e27-453f-9199-f29aaaa4d752",
        "name": "hvigorfile, no custom plugins were found in C:\\Users\\k50038792\\DevEcoStudioProjects\\Task\\entry\\hvigorfile.ts",
        "description": "",
        "type": "log"
      },
      "body": {
        "pid": 36676,
        "tid": "Main Thread",
        "startTime": 107346874934500
      },
      "additional": {
        "logType": "debug",
        "children": []
      }
    },
    {
      "head": {
        "id": "e7efd1e8-55a1-490c-83e9-fe05786c3b56",
        "name": "hvigorfile, resolve finished C:\\Users\\k50038792\\DevEcoStudioProjects\\Task\\entry\\hvigorfile.ts",
        "description": "",
        "type": "log"
      },
      "body": {
        "pid": 36676,
        "tid": "Main Thread",
        "startTime": 107346874943300
      },
      "additional": {
        "logType": "debug",
        "children": []
      }
    },
    {
      "head": {
        "id": "036fe609-4cf0-45c7-b93b-90bcda2ed883",
        "name": "Start initialize project's product build option map with build mode debug.",
        "description": "",
        "type": "log"
      },
      "body": {
        "pid": 36676,
        "tid": "Main Thread",
        "startTime": 107346875003800
      },
      "additional": {
        "logType": "debug",
        "children": []
      }
    },
    {
      "head": {
        "id": "6e5b6a3f-15ee-40a3-a9e5-80bad1bd888f",
        "name": "Picking option from product 'default' with build mode 'debug'.",
        "description": "",
        "type": "log"
      },
      "body": {
        "pid": 36676,
        "tid": "Main Thread",
        "startTime": 107346875021500
      },
      "additional": {
        "logType": "debug",
        "children": []
      }
    },
    {
      "head": {
        "id": "5e8437b0-e2de-4082-9700-122a3159bed6",
        "name": "Product 'default' build option: {}",
        "description": "",
        "type": "log"
      },
      "body": {
        "pid": 36676,
        "tid": "Main Thread",
        "startTime": 107346875051600
      },
      "additional": {
        "logType": "debug",
        "children": []
      }
    },
    {
      "head": {
        "id": "c131e07b-b88b-44b0-bf4a-1720daa81932",
        "name": "End initialize project's product build option map with build mode 'debug'.",
        "description": "",
        "type": "log"
      },
      "body": {
        "pid": 36676,
        "tid": "Main Thread",
        "startTime": 107346875058500
      },
      "additional": {
        "logType": "debug",
        "children": []
      }
    },
    {
      "head": {
        "id": "34b0b99c-b99c-4015-8425-d775e4ef0f9b",
        "name": "Module Task Collected Dependency: ",
        "description": "",
        "type": "log"
      },
      "body": {
        "pid": 36676,
        "tid": "Main Thread",
        "startTime": 107346875797100
      },
      "additional": {
        "logType": "debug",
        "children": []
      }
    },
    {
      "head": {
        "id": "78bd3459-7b23-4a38-a007-dee625fb7908",
        "name": "Module Task's total dependency: 0",
        "description": "",
        "type": "log"
      },
      "body": {
        "pid": 36676,
        "tid": "Main Thread",
        "startTime": 107346875841300
      },
      "additional": {
        "logType": "debug",
        "children": []
      }
    },
    {
      "head": {
        "id": "d970e22c-bb27-457f-8a3d-201bad38e5e7",
        "name": "Product 'default' using build option: {\n  \"debuggable\": true\n} in this build.",
        "description": "",
        "type": "log"
      },
      "body": {
        "pid": 36676,
        "tid": "Main Thread",
        "startTime": 107346877852400
      },
      "additional": {
        "logType": "debug",
        "children": []
      }
    },
    {
      "head": {
        "id": "3f443cb8-6faf-4e6e-8242-db6caabc3e21",
        "name": "Sdk init in 5 ms ",
        "description": "",
        "type": "log"
      },
      "body": {
        "pid": 36676,
        "tid": "Main Thread",
        "startTime": 107346886300600
      },
      "additional": {
        "logType": "debug",
        "children": []
      }
    },
    {
      "head": {
        "id": "64fd5bcf-0937-4a36-8618-6c24452f3ddf",
        "name": "project has submodules:entry",
        "description": "",
        "type": "log"
      },
      "body": {
        "pid": 36676,
        "tid": "Main Thread",
        "startTime": 107346906726100
      },
      "additional": {
        "logType": "debug",
        "children": []
      }
    },
    {
      "head": {
        "id": "c41632bb-cd64-4af4-a271-0d5ea9912b9e",
        "name": "Project task initialization takes 26 ms ",
        "description": "",
        "type": "log"
      },
      "body": {
        "pid": 36676,
        "tid": "Main Thread",
        "startTime": 107346911984100
      },
      "additional": {
        "logType": "debug",
        "children": []
      }
    },
    {
      "head": {
        "id": "a2af5f98-2824-4166-8d6e-ad4cdaac899c",
        "name": "Sdk init in 6 ms ",
        "description": "",
        "type": "log"
      },
      "body": {
        "pid": 36676,
        "tid": "Main Thread",
        "startTime": 107346917178700
      },
      "additional": {
        "logType": "debug",
        "children": []
      }
    },
    {
      "head": {
        "id": "d0e5b083-7590-4c47-a4bf-cecddea1c86d",
        "name": "Configuration phase cost:89 ms ",
        "description": "",
        "type": "log"
      },
      "body": {
        "pid": 36676,
        "tid": "Main Thread",
        "startTime": 107346918801900
      },
      "additional": {
        "logType": "debug",
        "children": []
      }
    },
    {
      "head": {
        "id": "1783c7a5-eae8-4c81-9ae4-deeea568994a",
        "name": "Configuration task cost before running: 95 ms ",
        "description": "",
        "type": "log"
      },
      "body": {
        "pid": 36676,
        "tid": "Main Thread",
        "startTime": 107346919896100
      },
      "additional": {
        "logType": "debug",
        "children": []
      }
    },
    {
      "head": {
        "id": "96b1ebf4-7c84-4af3-8426-04b4751f6f31",
        "name": "entry:default@PreBuild",
        "description": "Pre-build in the stage model.",
        "type": "duration"
      },
      "body": {
        "pid": 36676,
        "tid": "Main Thread",
        "startTime": 107346928733500,
        "endTime": 107346936295900
      },
      "additional": {
        "children": [],
        "state": "success",
        "detailId": "c9feeced-40e0-4daf-9167-e804730ecf28",
        "logId": "8fed8e97-6931-4cc5-9334-c949f390da90"
      },
      "log": {
        "_logger": {
          "category": "DurationEvent",
          "context": {},
          "callStackSkipIndex": 0
        }
      }
    },
    {
      "head": {
        "id": "c9feeced-40e0-4daf-9167-e804730ecf28",
        "name": "create entry:default@PreBuild task",
        "description": "",
        "type": "log"
      },
      "body": {
        "pid": 36676,
        "tid": "Main Thread",
        "startTime": 107346921124300
      },
      "additional": {
        "logType": "detail",
        "children": [],
        "durationId": "96b1ebf4-7c84-4af3-8426-04b4751f6f31"
      }
    },
    {
      "head": {
        "id": "5e6dec71-858b-4503-a0fe-09ad49d4342f",
        "name": "entry : default@PreBuild start {\n  rss: 93691904,\n  heapTotal: 93192192,\n  heapUsed: 85767944,\n  external: 1281545,\n  arrayBuffers: 252957\n}",
        "description": "",
        "type": "log"
      },
      "body": {
        "pid": 36676,
        "tid": "Main Thread",
        "startTime": 107346928700200
      },
      "additional": {
        "logType": "debug",
        "children": []
      }
    },
    {
      "head": {
        "id": "0ce1d34e-f248-4619-81a3-30dd74d41183",
        "name": "Executing task :entry:default@PreBuild",
        "description": "",
        "type": "log"
      },
      "body": {
        "pid": 36676,
        "tid": "Main Thread",
        "startTime": 107346928749000
      },
      "additional": {
        "logType": "debug",
        "children": []
      }
    },
    {
      "head": {
        "id": "bc3b858c-d3e8-4d15-9acc-9335fdce1a6e",
        "name": "Incremental task entry:default@PreBuild pre-execution cost: 6 ms .",
        "description": "",
        "type": "log"
      },
      "body": {
        "pid": 36676,
        "tid": "Main Thread",
        "startTime": 107346936199600
      },
      "additional": {
        "logType": "debug",
        "children": []
      }
    },
    {
      "head": {
        "id": "05a935a0-cd01-44f8-9753-c3883491943d",
        "name": "entry : default@PreBuild end {\n  rss: 93941760,\n  heapTotal: 93192192,\n  heapUsed: 85908392,\n  external: 1281545,\n  arrayBuffers: 252957\n}",
        "description": "",
        "type": "log"
      },
      "body": {
        "pid": 36676,
        "tid": "Main Thread",
        "startTime": 107346936269500
      },
      "additional": {
        "logType": "debug",
        "children": []
      }
    },
    {
      "head": {
        "id": "8fed8e97-6931-4cc5-9334-c949f390da90",
        "name": "UP-TO-DATE :entry:default@PreBuild",
        "description": "Pre-build in the stage model.",
        "type": "log"
      },
      "body": {
        "pid": 36676,
        "tid": "Main Thread",
        "startTime": 107346928733500,
        "endTime": 107346936295900
      },
      "additional": {
        "logType": "info",
        "children": [],
        "durationId": "96b1ebf4-7c84-4af3-8426-04b4751f6f31"
      }
    },
    {
      "head": {
        "id": "4b19468c-bf27-4ce9-a97d-506300eb4e79",
        "name": "entry:default@GenerateLoaderJson",
        "description": "Generate loader.json in the stage model.",
        "type": "duration"
      },
      "body": {
        "pid": 36676,
        "tid": "Main Thread",
        "startTime": 107346944395500,
        "endTime": 107346945806300
      },
      "additional": {
        "children": [],
        "state": "success",
        "detailId": "85b3198f-8340-4411-94a4-d9116510bb99",
        "logId": "56eea5c7-64c1-4470-9200-c62e83c35ace"
      },
      "log": {
        "_logger": {
          "category": "DurationEvent",
          "context": {},
          "callStackSkipIndex": 0
        }
      }
    },
    {
      "head": {
        "id": "85b3198f-8340-4411-94a4-d9116510bb99",
        "name": "create entry:default@GenerateLoaderJson task",
        "description": "",
        "type": "log"
      },
      "body": {
        "pid": 36676,
        "tid": "Main Thread",
        "startTime": 107346938644100
      },
      "additional": {
        "logType": "detail",
        "children": [],
        "durationId": "4b19468c-bf27-4ce9-a97d-506300eb4e79"
      }
    },
    {
      "head": {
        "id": "d5ddfd7a-9f0a-4082-bb8c-07e7b3a6fdde",
        "name": "entry : default@GenerateLoaderJson start {\n  rss: 94347264,\n  heapTotal: 93192192,\n  heapUsed: 86241952,\n  external: 1289737,\n  arrayBuffers: 261149\n}",
        "description": "",
        "type": "log"
      },
      "body": {
        "pid": 36676,
        "tid": "Main Thread",
        "startTime": 107346944366900
      },
      "additional": {
        "logType": "debug",
        "children": []
      }
    },
    {
      "head": {
        "id": "1dcdcd2b-3f11-4bda-9af0-de866f0acf9a",
        "name": "Executing task :entry:default@GenerateLoaderJson",
        "description": "",
        "type": "log"
      },
      "body": {
        "pid": 36676,
        "tid": "Main Thread",
        "startTime": 107346944407700
      },
      "additional": {
        "logType": "debug",
        "children": []
      }
    },
    {
      "head": {
        "id": "bcf65fe5-3daa-4389-bfda-f72bd1171a60",
        "name": "Incremental task entry:default@GenerateLoaderJson pre-execution cost: 2 ms .",
        "description": "",
        "type": "log"
      },
      "body": {
        "pid": 36676,
        "tid": "Main Thread",
        "startTime": 107346945729700
      },
      "additional": {
        "logType": "debug",
        "children": []
      }
    },
    {
      "head": {
        "id": "6f654738-7a12-4ede-860f-05653c0dffea",
        "name": "entry : default@GenerateLoaderJson end {\n  rss: 94441472,\n  heapTotal: 93192192,\n  heapUsed: 86294168,\n  external: 1289737,\n  arrayBuffers: 261149\n}",
        "description": "",
        "type": "log"
      },
      "body": {
        "pid": 36676,
        "tid": "Main Thread",
        "startTime": 107346945788300
      },
      "additional": {
        "logType": "debug",
        "children": []
      }
    },
    {
      "head": {
        "id": "56eea5c7-64c1-4470-9200-c62e83c35ace",
        "name": "UP-TO-DATE :entry:default@GenerateLoaderJson",
        "description": "Generate loader.json in the stage model.",
        "type": "log"
      },
      "body": {
        "pid": 36676,
        "tid": "Main Thread",
        "startTime": 107346944395500,
        "endTime": 107346945806300
      },
      "additional": {
        "logType": "info",
        "children": [],
        "durationId": "4b19468c-bf27-4ce9-a97d-506300eb4e79"
      }
    },
    {
      "head": {
        "id": "f73bf043-0905-42df-bb57-d319b744b459",
        "name": "entry:default@MergeProfile",
        "description": "Merge app config manifest files in the stage model.",
        "type": "duration"
      },
      "body": {
        "pid": 36676,
        "tid": "Main Thread",
        "startTime": 107346948634900,
        "endTime": 107346950618700
      },
      "additional": {
        "children": [],
        "state": "success",
        "detailId": "fb28ffe5-7f5c-4220-8f03-757c62ea42ca",
        "logId": "e628c97c-9f8f-4301-add9-3fdc7d9f94af"
      },
      "log": {
        "_logger": {
          "category": "DurationEvent",
          "context": {},
          "callStackSkipIndex": 0
        }
      }
    },
    {
      "head": {
        "id": "fb28ffe5-7f5c-4220-8f03-757c62ea42ca",
        "name": "create entry:default@MergeProfile task",
        "description": "",
        "type": "log"
      },
      "body": {
        "pid": 36676,
        "tid": "Main Thread",
        "startTime": 107346947017000
      },
      "additional": {
        "logType": "detail",
        "children": [],
        "durationId": "f73bf043-0905-42df-bb57-d319b744b459"
      }
    },
    {
      "head": {
        "id": "bc89a004-fbf4-4e05-a337-68e003ef01ed",
        "name": "entry : default@MergeProfile start {\n  rss: 94720000,\n  heapTotal: 93192192,\n  heapUsed: 86478816,\n  external: 1289737,\n  arrayBuffers: 261149\n}",
        "description": "",
        "type": "log"
      },
      "body": {
        "pid": 36676,
        "tid": "Main Thread",
        "startTime": 107346948615700
      },
      "additional": {
        "logType": "debug",
        "children": []
      }
    },
    {
      "head": {
        "id": "96ae5407-7424-4114-aab8-b490a0c642f0",
        "name": "Executing task :entry:default@MergeProfile",
        "description": "",
        "type": "log"
      },
      "body": {
        "pid": 36676,
        "tid": "Main Thread",
        "startTime": 107346948643500
      },
      "additional": {
        "logType": "debug",
        "children": []
      }
    },
    {
      "head": {
        "id": "c9a8b2f4-4467-45a8-9789-8ce0f06c1221",
        "name": "Incremental task entry:default@MergeProfile pre-execution cost: 2 ms .",
        "description": "",
        "type": "log"
      },
      "body": {
        "pid": 36676,
        "tid": "Main Thread",
        "startTime": 107346950555300
      },
      "additional": {
        "logType": "debug",
        "children": []
      }
    },
    {
      "head": {
        "id": "39487bab-b15d-4dd4-8adf-02f8fe5952d5",
        "name": "entry : default@MergeProfile end {\n  rss: 94904320,\n  heapTotal: 93192192,\n  heapUsed: 86547904,\n  external: 1289737,\n  arrayBuffers: 261149\n}",
        "description": "",
        "type": "log"
      },
      "body": {
        "pid": 36676,
        "tid": "Main Thread",
        "startTime": 107346950604500
      },
      "additional": {
        "logType": "debug",
        "children": []
      }
    },
    {
      "head": {
        "id": "e628c97c-9f8f-4301-add9-3fdc7d9f94af",
        "name": "UP-TO-DATE :entry:default@MergeProfile",
        "description": "Merge app config manifest files in the stage model.",
        "type": "log"
      },
      "body": {
        "pid": 36676,
        "tid": "Main Thread",
        "startTime": 107346948634900,
        "endTime": 107346950618700
      },
      "additional": {
        "logType": "info",
        "children": [],
        "durationId": "f73bf043-0905-42df-bb57-d319b744b459"
      }
    },
    {
      "head": {
        "id": "8cde42f2-05cd-4e45-8161-b26d09879bee",
        "name": "entry:default@ProcessProfile",
        "description": "Process app config manifest files in the stage model.",
        "type": "duration"
      },
      "body": {
        "pid": 36676,
        "tid": "Main Thread",
        "startTime": 107346954067000,
        "endTime": 107346955309700
      },
      "additional": {
        "children": [],
        "state": "success",
        "detailId": "db70462b-7281-4f9e-b978-94887d47ea11",
        "logId": "3b7f54c8-c379-4835-87e0-d1f62def7ab4"
      },
      "log": {
        "_logger": {
          "category": "DurationEvent",
          "context": {},
          "callStackSkipIndex": 0
        }
      }
    },
    {
      "head": {
        "id": "db70462b-7281-4f9e-b978-94887d47ea11",
        "name": "create entry:default@ProcessProfile task",
        "description": "",
        "type": "log"
      },
      "body": {
        "pid": 36676,
        "tid": "Main Thread",
        "startTime": 107346951563400
      },
      "additional": {
        "logType": "detail",
        "children": [],
        "durationId": "8cde42f2-05cd-4e45-8161-b26d09879bee"
      }
    },
    {
      "head": {
        "id": "d62f0769-348b-4423-a4a3-68b82b3352ca",
        "name": "entry : default@ProcessProfile start {\n  rss: 95322112,\n  heapTotal: 93192192,\n  heapUsed: 86744024,\n  external: 1289737,\n  arrayBuffers: 261149\n}",
        "description": "",
        "type": "log"
      },
      "body": {
        "pid": 36676,
        "tid": "Main Thread",
        "startTime": 107346954047100
      },
      "additional": {
        "logType": "debug",
        "children": []
      }
    },
    {
      "head": {
        "id": "a5c37111-bc54-4380-a001-c0574c02f64a",
        "name": "Executing task :entry:default@ProcessProfile",
        "description": "",
        "type": "log"
      },
      "body": {
        "pid": 36676,
        "tid": "Main Thread",
        "startTime": 107346954078800
      },
      "additional": {
        "logType": "debug",
        "children": []
      }
    },
    {
      "head": {
        "id": "af630bbd-cfcd-4948-a0db-552d742a3fc7",
        "name": "Incremental task entry:default@ProcessProfile pre-execution cost: 2 ms .",
        "description": "",
        "type": "log"
      },
      "body": {
        "pid": 36676,
        "tid": "Main Thread",
        "startTime": 107346955227900
      },
      "additional": {
        "logType": "debug",
        "children": []
      }
    },
    {
      "head": {
        "id": "e917fe14-298b-47c7-994a-331560d0cc1a",
        "name": "entry : default@ProcessProfile end {\n  rss: 95485952,\n  heapTotal: 93192192,\n  heapUsed: 86791768,\n  external: 1289737,\n  arrayBuffers: 261149\n}",
        "description": "",
        "type": "log"
      },
      "body": {
        "pid": 36676,
        "tid": "Main Thread",
        "startTime": 107346955295800
      },
      "additional": {
        "logType": "debug",
        "children": []
      }
    },
    {
      "head": {
        "id": "3b7f54c8-c379-4835-87e0-d1f62def7ab4",
        "name": "UP-TO-DATE :entry:default@ProcessProfile",
        "description": "Process app config manifest files in the stage model.",
        "type": "log"
      },
      "body": {
        "pid": 36676,
        "tid": "Main Thread",
        "startTime": 107346954067000,
        "endTime": 107346955309700
      },
      "additional": {
        "logType": "info",
        "children": [],
        "durationId": "8cde42f2-05cd-4e45-8161-b26d09879bee"
      }
    },
    {
      "head": {
        "id": "d11f73da-260b-4dff-9644-818d01814ac4",
        "name": "entry:default@PreviewProcessResource",
        "description": "Process preview resources incrementally in the stage model.",
        "type": "duration"
      },
      "body": {
        "pid": 36676,
        "tid": "Main Thread",
        "startTime": 107346961654300,
        "endTime": 107346967684900
      },
      "additional": {
        "children": [],
        "state": "success",
        "detailId": "4542064f-cf45-47e0-a33e-b47f3dd0bc60",
        "logId": "c267accc-7638-42f0-9342-4006b08e9c64"
      },
      "log": {
        "_logger": {
          "category": "DurationEvent",
          "context": {},
          "callStackSkipIndex": 0
        }
      }
    },
    {
      "head": {
        "id": "4542064f-cf45-47e0-a33e-b47f3dd0bc60",
        "name": "create entry:default@PreviewProcessResource task",
        "description": "",
        "type": "log"
      },
      "body": {
        "pid": 36676,
        "tid": "Main Thread",
        "startTime": 107346957016600
      },
      "additional": {
        "logType": "detail",
        "children": [],
        "durationId": "d11f73da-260b-4dff-9644-818d01814ac4"
      }
    },
    {
      "head": {
        "id": "dc2f1360-8f2e-4c5b-b82d-d0cb2bea00e6",
        "name": "restool module names: entry; moduleName=entry, taskName=default@PreviewProcessResource",
        "description": "",
        "type": "log"
      },
      "body": {
        "pid": 36676,
        "tid": "Main Thread",
        "startTime": 107346959447600
      },
      "additional": {
        "logType": "debug",
        "children": []
      }
    },
    {
      "head": {
        "id": "00bc49da-5fdf-4a33-8f89-0b816f678ad9",
        "name": "entry : default@PreviewProcessResource start {\n  rss: 96227328,\n  heapTotal: 93192192,\n  heapUsed: 87025520,\n  external: 1297929,\n  arrayBuffers: 269341\n}",
        "description": "",
        "type": "log"
      },
      "body": {
        "pid": 36676,
        "tid": "Main Thread",
        "startTime": 107346961633200
      },
      "additional": {
        "logType": "debug",
        "children": []
      }
    },
    {
      "head": {
        "id": "1f6d30c0-b4fb-4f98-8a80-ff790da2f2f3",
        "name": "Executing task :entry:default@PreviewProcessResource",
        "description": "",
        "type": "log"
      },
      "body": {
        "pid": 36676,
        "tid": "Main Thread",
        "startTime": 107346964492100
      },
      "additional": {
        "logType": "debug",
        "children": []
      }
    },
    {
      "head": {
        "id": "798b5bc6-a58c-42c7-a012-af36d1504d8b",
        "name": "entry:default@PreviewProcessResource is not up-to-date, since the output file '{\"commandList\":[\"C:\\\\Users\\\\k50038792\\\\AppData\\\\Local\\\\Huawei\\\\Sdk\\\\openharmony\\\\9\\\\toolchains\\\\restool.exe\",\"-m\",\"entry\",\"-f\",\"-j\",\"C:\\\\Users\\\\k50038792\\\\DevEcoStudioProjects\\\\Task\\\\entry\\\\.preview\\\\default\\\\intermediates\\\\process_profile\\\\default\\\\module.json\",\"-p\",\"com.example.task\",\"-o\",\"C:\\\\Users\\\\k50038792\\\\DevEcoStudioProjects\\\\Task\\\\entry\\\\.preview\\\\default\\\\intermediates\\\\res\\\\default\",\"-r\",\"C:\\\\Users\\\\k50038792\\\\DevEcoStudioProjects\\\\Task\\\\entry\\\\.preview\\\\default\\\\generated\\\\r\\\\default\\\\ResourceTable.h\"],\"inputFiles\":{\"_group\":{}},\"outputFiles\":{\"_group\":{}},\"existsResourceDir\":true,\"restoolLinkParamObj\":{\"appScopeResources\":\"C:\\\\Users\\\\k50038792\\\\DevEcoStudioProjects\\\\Task\\\\AppScope\\\\resources\",\"moduleResourcesMap\":{},\"harResourcesMap\":{},\"outputPath\":\"C:\\\\Users\\\\k50038792\\\\DevEcoStudioProjects\\\\Task\\\\entry\\\\.preview\\\\default\\\\intermediates\\\\res\\\\default\",\"linkCommand\":[\"C:\\\\Users\\\\k50038792\\\\AppData\\\\Local\\\\Huawei\\\\Sdk\\\\openharmony\\\\9\\\\toolchains\\\\restool.exe\",\"-m\",\"entry\",\"-f\",\"-j\",\"C:\\\\Users\\\\k50038792\\\\DevEcoStudioProjects\\\\Task\\\\entry\\\\.preview\\\\default\\\\intermediates\\\\process_profile\\\\default\\\\module.json\",\"-p\",\"com.example.task\",\"-r\",\"C:\\\\Users\\\\k50038792\\\\DevEcoStudioProjects\\\\Task\\\\entry\\\\.preview\\\\default\\\\generated\\\\r\\\\default\\\\ResourceTable.h\",\"-z\"]}}' does not exist.",
        "description": "",
        "type": "log"
      },
      "body": {
        "pid": 36676,
        "tid": "Main Thread",
        "startTime": 107346964765700
      },
      "additional": {
        "logType": "debug",
        "children": []
      }
    },
    {
      "head": {
        "id": "7f9e94ca-ffd9-4cbc-af01-ffef08473efc",
        "name": "Incremental task entry:default@PreviewProcessResource pre-execution cost: 1 ms .",
        "description": "",
        "type": "log"
      },
      "body": {
        "pid": 36676,
        "tid": "Main Thread",
        "startTime": 107346964797200
      },
      "additional": {
        "logType": "debug",
        "children": []
      }
    },
    {
      "head": {
        "id": "0fd57d4d-905a-4d51-a76a-0977241ab2e1",
        "name": "entry : default@PreviewProcessResource end {\n  rss: 96600064,\n  heapTotal: 93192192,\n  heapUsed: 87139272,\n  external: 1297929,\n  arrayBuffers: 269341\n}",
        "description": "",
        "type": "log"
      },
      "body": {
        "pid": 36676,
        "tid": "Main Thread",
        "startTime": 107346964865900
      },
      "additional": {
        "logType": "debug",
        "children": []
      }
    },
    {
      "head": {
        "id": "c267accc-7638-42f0-9342-4006b08e9c64",
        "name": "Finished :entry:default@PreviewProcessResource",
        "description": "Process preview resources incrementally in the stage model.",
        "type": "log"
      },
      "body": {
        "pid": 36676,
        "tid": "Main Thread",
        "startTime": 107346961654300,
        "endTime": 107346967684900
      },
      "additional": {
        "logType": "info",
        "children": [],
        "durationId": "d11f73da-260b-4dff-9644-818d01814ac4"
      }
    },
    {
      "head": {
        "id": "f9f1570e-e672-4f80-8fd3-33254efbcd38",
        "name": "entry:default@PreviewCompileResource",
        "description": "Use Preview to compile project resources in the stage model.",
        "type": "duration"
      },
      "body": {
        "pid": 36676,
        "tid": "Main Thread",
        "startTime": 107346981215300,
        "endTime": 107347011351900
      },
      "additional": {
        "children": [],
        "state": "success",
        "detailId": "bf1a7be4-2649-47ec-9aad-6c50eb5ae6dc",
        "logId": "d1ad203c-8b76-43a9-93bf-46e5a5a6fb38"
      },
      "log": {
        "_logger": {
          "category": "DurationEvent",
          "context": {},
          "callStackSkipIndex": 0
        }
      }
    },
    {
      "head": {
        "id": "bf1a7be4-2649-47ec-9aad-6c50eb5ae6dc",
        "name": "create entry:default@PreviewCompileResource task",
        "description": "",
        "type": "log"
      },
      "body": {
        "pid": 36676,
        "tid": "Main Thread",
        "startTime": 107346972217400
      },
      "additional": {
        "logType": "detail",
        "children": [],
        "durationId": "f9f1570e-e672-4f80-8fd3-33254efbcd38"
      }
    },
    {
      "head": {
        "id": "c81b38fa-9bfa-426a-9ae6-7798a037514a",
        "name": "restool module names: entry; moduleName=entry, taskName=default@PreviewCompileResource",
        "description": "",
        "type": "log"
      },
      "body": {
        "pid": 36676,
        "tid": "Main Thread",
        "startTime": 107346975865200
      },
      "additional": {
        "logType": "debug",
        "children": []
      }
    },
    {
      "head": {
        "id": "56c63c40-ba88-487e-98fe-36d7cb8101bd",
        "name": "entry : default@PreviewCompileResource start {\n  rss: 99405824,\n  heapTotal: 93716480,\n  heapUsed: 86209016,\n  external: 1273353,\n  arrayBuffers: 261149\n}",
        "description": "",
        "type": "log"
      },
      "body": {
        "pid": 36676,
        "tid": "Main Thread",
        "startTime": 107346981184100
      },
      "additional": {
        "logType": "debug",
        "children": []
      }
    },
    {
      "head": {
        "id": "fec3f017-386a-4215-8c80-02b670c05f31",
        "name": "Executing task :entry:default@PreviewCompileResource",
        "description": "",
        "type": "log"
      },
      "body": {
        "pid": 36676,
        "tid": "Main Thread",
        "startTime": 107346981258900
      },
      "additional": {
        "logType": "debug",
        "children": []
      }
    },
    {
      "head": {
        "id": "d2b1d8b0-d86e-4750-9426-f39cd05212ef",
        "name": "runTaskFromQueue task cost before running: 157 ms ",
        "description": "",
        "type": "log"
      },
      "body": {
        "pid": 36676,
        "tid": "Main Thread",
        "startTime": 107346982398100
      },
      "additional": {
        "logType": "debug",
        "children": []
      }
    },
    {
      "head": {
        "id": "db1b3eed-b6a1-4808-bc3f-53e0e4ffa958",
        "name": "Incremental task entry:default@PreviewCompileResource pre-execution cost: 29 ms .",
        "description": "",
        "type": "log"
      },
      "body": {
        "pid": 36676,
        "tid": "Main Thread",
        "startTime": 107347011184200
      },
      "additional": {
        "logType": "debug",
        "children": []
      }
    },
    {
      "head": {
        "id": "44e2d58a-8507-4da6-b144-fb0e2e0f29f9",
        "name": "entry : default@PreviewCompileResource end {\n  rss: 114126848,\n  heapTotal: 93716480,\n  heapUsed: 86700712,\n  external: 1281545,\n  arrayBuffers: 269341\n}",
        "description": "",
        "type": "log"
      },
      "body": {
        "pid": 36676,
        "tid": "Main Thread",
        "startTime": 107347011280300
      },
      "additional": {
        "logType": "debug",
        "children": []
      }
    },
    {
      "head": {
        "id": "d1ad203c-8b76-43a9-93bf-46e5a5a6fb38",
        "name": "UP-TO-DATE :entry:default@PreviewCompileResource",
        "description": "Use Preview to compile project resources in the stage model.",
        "type": "log"
      },
      "body": {
        "pid": 36676,
        "tid": "Main Thread",
        "startTime": 107346981215300,
        "endTime": 107347011351900
      },
      "additional": {
        "logType": "info",
        "children": [],
        "durationId": "f9f1570e-e672-4f80-8fd3-33254efbcd38"
      }
    },
    {
      "head": {
        "id": "700ef065-2106-4e81-acd9-5e05e41f0a34",
        "name": "entry:default@PreviewHookCompileResource",
        "description": "Add a hook task for compiling preview resources.",
        "type": "duration"
      },
      "body": {
        "pid": 36676,
        "tid": "Main Thread",
        "startTime": 107347015123300,
        "endTime": 107347015236000
      },
      "additional": {
        "children": [],
        "state": "success",
        "detailId": "e76ff683-e268-499f-b5ca-99f1001215bd",
        "logId": "3e3630c0-9db8-47bb-8fd8-6f70b5ef23de"
      },
      "log": {
        "_logger": {
          "category": "DurationEvent",
          "context": {},
          "callStackSkipIndex": 0
        }
      }
    },
    {
      "head": {
        "id": "e76ff683-e268-499f-b5ca-99f1001215bd",
        "name": "create entry:default@PreviewHookCompileResource task",
        "description": "",
        "type": "log"
      },
      "body": {
        "pid": 36676,
        "tid": "Main Thread",
        "startTime": 107347014326800
      },
      "additional": {
        "logType": "detail",
        "children": [],
        "durationId": "700ef065-2106-4e81-acd9-5e05e41f0a34"
      }
    },
    {
      "head": {
        "id": "71b71a4b-16b5-42d5-8000-a6f6d0934c9a",
        "name": "entry : default@PreviewHookCompileResource start {\n  rss: 115699712,\n  heapTotal: 93716480,\n  heapUsed: 86862568,\n  external: 1281545,\n  arrayBuffers: 269341\n}",
        "description": "",
        "type": "log"
      },
      "body": {
        "pid": 36676,
        "tid": "Main Thread",
        "startTime": 107347015095700
      },
      "additional": {
        "logType": "debug",
        "children": []
      }
    },
    {
      "head": {
        "id": "2a37cf9c-cfe0-49fc-83ad-d244289d5612",
        "name": "Executing task :entry:default@PreviewHookCompileResource",
        "description": "",
        "type": "log"
      },
      "body": {
        "pid": 36676,
        "tid": "Main Thread",
        "startTime": 107347015137600
      },
      "additional": {
        "logType": "debug",
        "children": []
      }
    },
    {
      "head": {
        "id": "84e0c162-7811-4ff6-9882-b0fb51947127",
        "name": "entry : default@PreviewHookCompileResource end {\n  rss: 115773440,\n  heapTotal: 93716480,\n  heapUsed: 86872584,\n  external: 1281545,\n  arrayBuffers: 269341\n}",
        "description": "",
        "type": "log"
      },
      "body": {
        "pid": 36676,
        "tid": "Main Thread",
        "startTime": 107347015216500
      },
      "additional": {
        "logType": "debug",
        "children": []
      }
    },
    {
      "head": {
        "id": "3e3630c0-9db8-47bb-8fd8-6f70b5ef23de",
        "name": "Finished :entry:default@PreviewHookCompileResource",
        "description": "Add a hook task for compiling preview resources.",
        "type": "log"
      },
      "body": {
        "pid": 36676,
        "tid": "Main Thread",
        "startTime": 107347015123300,
        "endTime": 107347015236000
      },
      "additional": {
        "logType": "info",
        "children": [],
        "durationId": "700ef065-2106-4e81-acd9-5e05e41f0a34"
      }
    },
    {
      "head": {
        "id": "0780df39-a09b-4181-9309-323489ec1773",
        "name": "entry:default@ReplacePreviewerPage",
        "description": "Accept previewer arguments, then use them to replace the ones in the page file.",
        "type": "duration"
      },
      "body": {
        "pid": 36676,
        "tid": "Main Thread",
        "startTime": 107347018853900,
        "endTime": 107347028222300
      },
      "additional": {
        "children": [],
        "state": "success",
        "detailId": "8185ca4e-2a65-495e-b8bc-cd95cf0e6af8",
        "logId": "7f46e30d-90d6-4293-87bb-ff08fdadf665"
      },
      "log": {
        "_logger": {
          "category": "DurationEvent",
          "context": {},
          "callStackSkipIndex": 0
        }
      }
    },
    {
      "head": {
        "id": "8185ca4e-2a65-495e-b8bc-cd95cf0e6af8",
        "name": "create entry:default@ReplacePreviewerPage task",
        "description": "",
        "type": "log"
      },
      "body": {
        "pid": 36676,
        "tid": "Main Thread",
        "startTime": 107347017284800
      },
      "additional": {
        "logType": "detail",
        "children": [],
        "durationId": "0780df39-a09b-4181-9309-323489ec1773"
      }
    },
    {
      "head": {
        "id": "21005e34-41e1-4a91-a8c0-c5a828d53fb4",
        "name": "entry : default@ReplacePreviewerPage start {\n  rss: 117850112,\n  heapTotal: 93716480,\n  heapUsed: 87071640,\n  external: 1281545,\n  arrayBuffers: 269341\n}",
        "description": "",
        "type": "log"
      },
      "body": {
        "pid": 36676,
        "tid": "Main Thread",
        "startTime": 107347018819700
      },
      "additional": {
        "logType": "debug",
        "children": []
      }
    },
    {
      "head": {
        "id": "df7ee745-4d81-4001-a8fd-a8d3d52fea8e",
        "name": "Executing task :entry:default@ReplacePreviewerPage",
        "description": "",
        "type": "log"
      },
      "body": {
        "pid": 36676,
        "tid": "Main Thread",
        "startTime": 107347018868800
      },
      "additional": {
        "logType": "debug",
        "children": []
      }
    },
    {
      "head": {
        "id": "ada98534-1c9c-4c6c-8ca3-595b9f6d4cbf",
        "name": "runTaskFromQueue task cost before running: 194 ms ",
        "description": "",
        "type": "log"
      },
      "body": {
        "pid": 36676,
        "tid": "Main Thread",
        "startTime": 107347018992300
      },
      "additional": {
        "logType": "debug",
        "children": []
      }
    },
    {
      "head": {
        "id": "5c347f3e-d942-4162-84cd-91028d998f3e",
        "name": "entry : default@ReplacePreviewerPage end {\n  rss: 121786368,\n  heapTotal: 93716480,\n  heapUsed: 87224240,\n  external: 1281545,\n  arrayBuffers: 269341\n}",
        "description": "",
        "type": "log"
      },
      "body": {
        "pid": 36676,
        "tid": "Main Thread",
        "startTime": 107347028179000
      },
      "additional": {
        "logType": "debug",
        "children": []
      }
    },
    {
      "head": {
        "id": "7f46e30d-90d6-4293-87bb-ff08fdadf665",
        "name": "Finished :entry:default@ReplacePreviewerPage",
        "description": "Accept previewer arguments, then use them to replace the ones in the page file.",
        "type": "log"
      },
      "body": {
        "pid": 36676,
        "tid": "Main Thread",
        "startTime": 107347018853900,
        "endTime": 107347028222300
      },
      "additional": {
        "logType": "info",
        "children": [],
        "durationId": "0780df39-a09b-4181-9309-323489ec1773"
      }
    },
    {
      "head": {
        "id": "29a152a1-95f2-490f-8099-afe5cc819f7f",
        "name": "entry:buildPreviewerResource",
        "description": "Build the preview resources.",
        "type": "duration"
      },
      "body": {
        "pid": 36676,
        "tid": "Main Thread",
        "startTime": 107347031059700,
        "endTime": 107347031235500
      },
      "additional": {
        "children": [],
        "state": "success",
        "detailId": "07d39250-3ed4-4b3e-b4c3-ab6ebc23312f",
        "logId": "e5cc2b83-b36b-44b2-872b-911570172ef3"
      },
      "log": {
        "_logger": {
          "category": "DurationEvent",
          "context": {},
          "callStackSkipIndex": 0
        }
      }
    },
    {
      "head": {
        "id": "07d39250-3ed4-4b3e-b4c3-ab6ebc23312f",
        "name": "create entry:buildPreviewerResource task",
        "description": "",
        "type": "log"
      },
      "body": {
        "pid": 36676,
        "tid": "Main Thread",
        "startTime": 107347030899500
      },
      "additional": {
        "logType": "detail",
        "children": [],
        "durationId": "29a152a1-95f2-490f-8099-afe5cc819f7f"
      }
    },
    {
      "head": {
        "id": "17641ca1-3602-4326-80e5-a7814098664b",
        "name": "entry : buildPreviewerResource start {\n  rss: 122470400,\n  heapTotal: 93716480,\n  heapUsed: 87363592,\n  external: 1281545,\n  arrayBuffers: 269341\n}",
        "description": "",
        "type": "log"
      },
      "body": {
        "pid": 36676,
        "tid": "Main Thread",
        "startTime": 107347031030700
      },
      "additional": {
        "logType": "debug",
        "children": []
      }
    },
    {
      "head": {
        "id": "ab9c1865-9a2f-4994-97a0-f5cc4fc04502",
        "name": "Executing task :entry:buildPreviewerResource",
        "description": "",
        "type": "log"
      },
      "body": {
        "pid": 36676,
        "tid": "Main Thread",
        "startTime": 107347031082000
      },
      "additional": {
        "logType": "debug",
        "children": []
      }
    },
    {
      "head": {
        "id": "e6387308-0043-47a2-b0d1-4c090fb47900",
        "name": "runTaskFromQueue task cost before running: 206 ms ",
        "description": "",
        "type": "log"
      },
      "body": {
        "pid": 36676,
        "tid": "Main Thread",
        "startTime": 107347031156000
      },
      "additional": {
        "logType": "debug",
        "children": []
      }
    },
    {
      "head": {
        "id": "32a241fd-9d27-4796-94a7-ac1e07476cd1",
        "name": "entry : buildPreviewerResource end {\n  rss: 122503168,\n  heapTotal: 93716480,\n  heapUsed: 87375304,\n  external: 1281545,\n  arrayBuffers: 269341\n}",
        "description": "",
        "type": "log"
      },
      "body": {
        "pid": 36676,
        "tid": "Main Thread",
        "startTime": 107347031211500
      },
      "additional": {
        "logType": "debug",
        "children": []
      }
    },
    {
      "head": {
        "id": "e5cc2b83-b36b-44b2-872b-911570172ef3",
        "name": "Finished :entry:buildPreviewerResource",
        "description": "Build the preview resources.",
        "type": "log"
      },
      "body": {
        "pid": 36676,
        "tid": "Main Thread",
        "startTime": 107347031059700,
        "endTime": 107347031235500
      },
      "additional": {
        "logType": "info",
        "children": [],
        "durationId": "29a152a1-95f2-490f-8099-afe5cc819f7f"
      }
    },
    {
      "head": {
        "id": "5a311391-a362-4f3a-9561-af08caef3f15",
        "name": "entry:default@PreviewUpdateAssets",
        "description": "Update main_pages.json and module.json before PreviewBuild.",
        "type": "duration"
      },
      "body": {
        "pid": 36676,
        "tid": "Main Thread",
        "startTime": 107347044282200,
        "endTime": 107347050229100
      },
      "additional": {
        "children": [],
        "state": "success",
        "detailId": "b21d711b-45c0-4da2-af34-06cbed9be3e6",
        "logId": "8f1a4f37-2eb9-4561-b528-05c5418e373c"
      },
      "log": {
        "_logger": {
          "category": "DurationEvent",
          "context": {},
          "callStackSkipIndex": 0
        }
      }
    },
    {
      "head": {
        "id": "b21d711b-45c0-4da2-af34-06cbed9be3e6",
        "name": "create entry:default@PreviewUpdateAssets task",
        "description": "",
        "type": "log"
      },
      "body": {
        "pid": 36676,
        "tid": "Main Thread",
        "startTime": 107347033591500
      },
      "additional": {
        "logType": "detail",
        "children": [],
        "durationId": "5a311391-a362-4f3a-9561-af08caef3f15"
      }
    },
    {
      "head": {
        "id": "11bd5a1e-5382-49fb-95d6-1f559a04cf3f",
        "name": "entry : default@PreviewUpdateAssets start {\n  rss: 124542976,\n  heapTotal: 93716480,\n  heapUsed: 76222264,\n  external: 1281545,\n  arrayBuffers: 63469\n}",
        "description": "",
        "type": "log"
      },
      "body": {
        "pid": 36676,
        "tid": "Main Thread",
        "startTime": 107347044254400
      },
      "additional": {
        "logType": "debug",
        "children": []
      }
    },
    {
      "head": {
        "id": "f576a163-84e9-4393-80ca-58db965b09b0",
        "name": "Executing task :entry:default@PreviewUpdateAssets",
        "description": "",
        "type": "log"
      },
      "body": {
        "pid": 36676,
        "tid": "Main Thread",
        "startTime": 107347044298600
      },
      "additional": {
        "logType": "debug",
        "children": []
      }
    },
    {
      "head": {
        "id": "f093dacd-c6d6-4a9b-9319-321a597c6070",
        "name": "runTaskFromQueue task cost before running: 220 ms ",
        "description": "",
        "type": "log"
      },
      "body": {
        "pid": 36676,
        "tid": "Main Thread",
        "startTime": 107347045056500
      },
      "additional": {
        "logType": "debug",
        "children": []
      }
    },
    {
      "head": {
        "id": "b203e840-57f9-4864-8d92-fa3aecf58264",
        "name": "entry:default@PreviewUpdateAssets is not up-to-date, since the input file 'C:\\Users\\k50038792\\DevEcoStudioProjects\\Task\\entry\\.preview\\config\\buildConfig.json' has been changed.",
        "description": "",
        "type": "log"
      },
      "body": {
        "pid": 36676,
        "tid": "Main Thread",
        "startTime": 107347046215700
      },
      "additional": {
        "logType": "debug",
        "children": []
      }
    },
    {
      "head": {
        "id": "bcbe48cd-402e-4b9c-9c49-75644b4ab42c",
        "name": "Incremental task entry:default@PreviewUpdateAssets pre-execution cost: 2 ms .",
        "description": "",
        "type": "log"
      },
      "body": {
        "pid": 36676,
        "tid": "Main Thread",
        "startTime": 107347046273300
      },
      "additional": {
        "logType": "debug",
        "children": []
      }
    },
    {
      "head": {
        "id": "6793831d-009a-4011-a18a-ff66296e88a5",
        "name": "entry : default@PreviewUpdateAssets end {\n  rss: 125202432,\n  heapTotal: 93716480,\n  heapUsed: 76372192,\n  external: 1289737,\n  arrayBuffers: 71661\n}",
        "description": "",
        "type": "log"
      },
      "body": {
        "pid": 36676,
        "tid": "Main Thread",
        "startTime": 107347050157600
      },
      "additional": {
        "logType": "debug",
        "children": []
      }
    },
    {
      "head": {
        "id": "8f1a4f37-2eb9-4561-b528-05c5418e373c",
        "name": "Finished :entry:default@PreviewUpdateAssets",
        "description": "Update main_pages.json and module.json before PreviewBuild.",
        "type": "log"
      },
      "body": {
        "pid": 36676,
        "tid": "Main Thread",
        "startTime": 107347044282200,
        "endTime": 107347050229100
      },
      "additional": {
        "logType": "info",
        "children": [],
        "durationId": "5a311391-a362-4f3a-9561-af08caef3f15"
      }
    },
    {
      "head": {
        "id": "27bc16f3-39b1-48df-99ba-31e6ed8d17f6",
        "name": "entry:default@PreviewArkTS",
        "description": "Compile ArkTS components on preview in the stage model.",
        "type": "duration"
      },
      "body": {
        "pid": 36676,
        "tid": "Main Thread",
        "startTime": 107347060640900,
        "endTime": 107353010027300
      },
      "additional": {
        "children": [
          "b351d29f-daca-4968-8680-117f8b16ddc8"
        ],
        "state": "success",
        "detailId": "5b3dd871-faa0-47bb-9685-cf862e05ee26",
        "logId": "2f46b545-635a-4121-a3a8-1c382c55efab"
      },
      "log": {
        "_logger": {
          "category": "DurationEvent",
          "context": {},
          "callStackSkipIndex": 0
        }
      }
    },
    {
      "head": {
        "id": "5b3dd871-faa0-47bb-9685-cf862e05ee26",
        "name": "create entry:default@PreviewArkTS task",
        "description": "",
        "type": "log"
      },
      "body": {
        "pid": 36676,
        "tid": "Main Thread",
        "startTime": 107347052728100
      },
      "additional": {
        "logType": "detail",
        "children": [],
        "durationId": "27bc16f3-39b1-48df-99ba-31e6ed8d17f6"
      }
    },
    {
      "head": {
        "id": "50c770db-e70f-425a-9f98-b654e223f317",
        "name": "entry : default@PreviewArkTS start {\n  rss: 125583360,\n  heapTotal: 93716480,\n  heapUsed: 76788920,\n  external: 1297929,\n  arrayBuffers: 79853\n}",
        "description": "",
        "type": "log"
      },
      "body": {
        "pid": 36676,
        "tid": "Main Thread",
        "startTime": 107347060619700
      },
      "additional": {
        "logType": "debug",
        "children": []
      }
    },
    {
      "head": {
        "id": "8c71cde2-12de-4443-bed4-abf6d7df9b61",
        "name": "Executing task :entry:default@PreviewArkTS",
        "description": "",
        "type": "log"
      },
      "body": {
        "pid": 36676,
        "tid": "Main Thread",
        "startTime": 107347060655600
      },
      "additional": {
        "logType": "debug",
        "children": []
      }
    },
    {
      "head": {
        "id": "3052148c-d86b-498b-ae39-f4a943de6c27",
        "name": "Obfuscation config only effect in release mode.",
        "description": "",
        "type": "log"
      },
      "body": {
        "pid": 36676,
        "tid": "Main Thread",
        "startTime": 107347065762100
      },
      "additional": {
        "logType": "debug",
        "children": []
      }
    },
    {
      "head": {
        "id": "1dd22ea7-229d-49ce-ab91-d4c76bd6883a",
        "name": "runTaskFromQueue task cost before running: 241 ms ",
        "description": "",
        "type": "log"
      },
      "body": {
        "pid": 36676,
        "tid": "Main Thread",
        "startTime": 107347065844400
      },
      "additional": {
        "logType": "debug",
        "children": []
      }
    },
    {
      "head": {
        "id": "e97de2a9-f388-482e-95ca-f7df80475a76",
        "name": "entry:default@PreviewArkTS is not up-to-date, since the input file 'C:\\Users\\k50038792\\DevEcoStudioProjects\\Task\\entry\\.preview\\default\\intermediates\\res\\default\\resources\\base\\profile' has been changed.",
        "description": "",
        "type": "log"
      },
      "body": {
        "pid": 36676,
        "tid": "Main Thread",
        "startTime": 107347077431100
      },
      "additional": {
        "logType": "debug",
        "children": []
      }
    },
    {
      "head": {
        "id": "88e55572-9e92-42e6-88dd-f92b3dde3a1f",
        "name": "Incremental task entry:default@PreviewArkTS pre-execution cost: 12 ms .",
        "description": "",
        "type": "log"
      },
      "body": {
        "pid": 36676,
        "tid": "Main Thread",
        "startTime": 107347077489500
      },
      "additional": {
        "logType": "debug",
        "children": []
      }
    },
    {
      "head": {
        "id": "b351d29f-daca-4968-8680-117f8b16ddc8",
        "name": "entry:default@PreviewArkTS",
        "description": "Compile ArkTS components on preview in the stage model.",
        "type": "duration"
      },
      "body": {
        "pid": 36676,
        "tid": "Worker4",
        "startTime": 107347084889100,
        "endTime": 107353004581000
      },
      "additional": {
        "children": [
          "50f98b41-ead6-410d-a137-6d35c749f608",
          "d22e1b17-fa56-4a04-b2aa-5643ba6bcb94",
          "f3ce8be8-d4ff-4a4d-a076-0c7741d46603"
        ],
        "state": "success",
        "parent": "27bc16f3-39b1-48df-99ba-31e6ed8d17f6",
        "logId": "d5a7c790-eb9a-46c8-af57-0a5231320f51"
      },
      "log": {
        "_logger": {
          "category": "DurationEvent",
          "context": {},
          "callStackSkipIndex": 0
        }
      }
    },
    {
      "head": {
        "id": "d5ded218-1afd-41b5-ad30-13ec78c838a3",
        "name": "entry : default@PreviewArkTS end {\n  rss: 126119936,\n  heapTotal: 93978624,\n  heapUsed: 77605408,\n  external: 1306121,\n  arrayBuffers: 88045\n}",
        "description": "",
        "type": "log"
      },
      "body": {
        "pid": 36676,
        "tid": "Main Thread",
        "startTime": 107347085010000
      },
      "additional": {
        "logType": "debug",
        "children": []
      }
    },
    {
      "head": {
        "id": "d5a7c790-eb9a-46c8-af57-0a5231320f51",
        "name": "entry:default@PreviewArkTS",
        "description": "",
        "type": "log"
      },
      "body": {
        "pid": 36676,
        "tid": "Worker4",
        "startTime": 107347084889100,
        "endTime": 107353004581000
      },
      "additional": {
        "logType": "info",
        "children": [
          "20e40769-6ba0-4883-8f22-5fac137b3aae",
          "49f8d65f-1ac4-4df4-bbe7-5c26d9da1f62",
          "519eea86-a253-4c9c-b44d-cce267f458a5"
        ],
        "durationId": "b351d29f-daca-4968-8680-117f8b16ddc8",
        "parent": "2f46b545-635a-4121-a3a8-1c382c55efab"
      }
    },
    {
      "head": {
        "id": "f3ce8be8-d4ff-4a4d-a076-0c7741d46603",
        "name": "compile ArkTS with rollup",
        "description": "",
        "type": "duration"
      },
      "body": {
        "pid": 36676,
        "tid": "Worker4",
        "startTime": 107350432191200,
        "endTime": 107353003089700
      },
      "additional": {
        "children": [],
        "state": "success",
        "totalTime": 0,
        "frequency": 0,
        "fromHook": false,
        "parent": "b351d29f-daca-4968-8680-117f8b16ddc8",
        "logId": "519eea86-a253-4c9c-b44d-cce267f458a5"
      },
      "log": {
        "_logger": {
          "category": "DurationEvent",
          "context": {},
          "callStackSkipIndex": 0
        }
      }
    },
    {
      "head": {
        "id": "20e40769-6ba0-4883-8f22-5fac137b3aae",
        "name": "generate config",
        "description": "",
        "type": "log"
      },
      "body": {
        "pid": 36676,
        "tid": "Main Thread",
        "startTime": 107349104395600,
        "endTime": 107350419483200
      },
      "additional": {
        "logType": "info",
        "children": [],
        "durationId": "50f98b41-ead6-410d-a137-6d35c749f608",
        "parent": "d5a7c790-eb9a-46c8-af57-0a5231320f51"
      }
    },
    {
      "head": {
        "id": "50f98b41-ead6-410d-a137-6d35c749f608",
        "name": "generate config",
        "description": "",
        "type": "duration"
      },
      "body": {
        "pid": 36676,
        "tid": "Worker4",
        "startTime": 107349104395600,
        "endTime": 107350419483200
      },
      "additional": {
        "children": [],
        "state": "success",
        "totalTime": 0,
        "frequency": 0,
        "fromHook": false,
        "parent": "b351d29f-daca-4968-8680-117f8b16ddc8",
        "logId": "20e40769-6ba0-4883-8f22-5fac137b3aae"
      },
      "log": {
        "_logger": {
          "category": "DurationEvent",
          "context": {},
          "callStackSkipIndex": 0
        }
      }
    },
    {
      "head": {
        "id": "49f8d65f-1ac4-4df4-bbe7-5c26d9da1f62",
        "name": "read cache",
        "description": "",
        "type": "log"
      },
      "body": {
        "pid": 36676,
        "tid": "Main Thread",
        "startTime": 107350419752000,
        "endTime": 107350432130200
      },
      "additional": {
        "logType": "info",
        "children": [],
        "durationId": "d22e1b17-fa56-4a04-b2aa-5643ba6bcb94",
        "parent": "d5a7c790-eb9a-46c8-af57-0a5231320f51"
      }
    },
    {
      "head": {
        "id": "d22e1b17-fa56-4a04-b2aa-5643ba6bcb94",
        "name": "read cache",
        "description": "",
        "type": "duration"
      },
      "body": {
        "pid": 36676,
        "tid": "Worker4",
        "startTime": 107350419752000,
        "endTime": 107350432130200
      },
      "additional": {
        "children": [],
        "state": "success",
        "totalTime": 0,
        "frequency": 0,
        "fromHook": false,
        "parent": "b351d29f-daca-4968-8680-117f8b16ddc8",
        "logId": "49f8d65f-1ac4-4df4-bbe7-5c26d9da1f62"
      },
      "log": {
        "_logger": {
          "category": "DurationEvent",
          "context": {},
          "callStackSkipIndex": 0
        }
      }
    },
    {
      "head": {
        "id": "519eea86-a253-4c9c-b44d-cce267f458a5",
        "name": "compile ArkTS with rollup",
        "description": "",
        "type": "log"
      },
      "body": {
        "pid": 36676,
        "tid": "Main Thread",
        "startTime": 107350432191200,
        "endTime": 107353003089700
      },
      "additional": {
        "logType": "info",
        "children": [],
        "durationId": "f3ce8be8-d4ff-4a4d-a076-0c7741d46603",
        "parent": "d5a7c790-eb9a-46c8-af57-0a5231320f51"
      }
    },
    {
      "head": {
        "id": "f3ce8be8-d4ff-4a4d-a076-0c7741d46603",
        "name": "compile ArkTS with rollup",
        "description": "",
        "type": "duration"
      },
      "body": {
        "pid": 36676,
        "tid": "Worker4",
        "startTime": 107350432191200,
        "endTime": 107353003089700
      },
      "additional": {
        "children": [],
        "state": "success",
        "totalTime": 0,
        "frequency": 0,
        "fromHook": false,
        "parent": "b351d29f-daca-4968-8680-117f8b16ddc8",
        "logId": "519eea86-a253-4c9c-b44d-cce267f458a5"
      },
      "log": {
        "_logger": {
          "category": "DurationEvent",
          "context": {},
          "callStackSkipIndex": 0
        }
      }
    },
    {
      "head": {
        "id": "2f46b545-635a-4121-a3a8-1c382c55efab",
        "name": "Finished :entry:default@PreviewArkTS",
        "description": "Compile ArkTS components on preview in the stage model.",
        "type": "log"
      },
      "body": {
        "pid": 36676,
        "tid": "Main Thread",
        "startTime": 107347060640900,
        "endTime": 107353010027300
      },
      "additional": {
        "logType": "info",
        "children": [
          "d5a7c790-eb9a-46c8-af57-0a5231320f51"
        ],
        "durationId": "27bc16f3-39b1-48df-99ba-31e6ed8d17f6"
      }
    },
    {
      "head": {
        "id": "92fa9a21-b099-4a5f-89e7-0fd8b182e166",
        "name": "entry:PreviewBuild",
        "description": "Build preview in the stage model.",
        "type": "duration"
      },
      "body": {
        "pid": 36676,
        "tid": "Main Thread",
        "startTime": 107353027213600,
        "endTime": 107353027323900
      },
      "additional": {
        "children": [],
        "state": "success",
        "detailId": "f19f951e-1e6a-4c20-9ed9-a506f168581b",
        "logId": "c93e67ab-8239-4840-b18f-d4ff153a4645"
      },
      "log": {
        "_logger": {
          "category": "DurationEvent",
          "context": {},
          "callStackSkipIndex": 0
        }
      }
    },
    {
      "head": {
        "id": "f19f951e-1e6a-4c20-9ed9-a506f168581b",
        "name": "create entry:PreviewBuild task",
        "description": "",
        "type": "log"
      },
      "body": {
        "pid": 36676,
        "tid": "Main Thread",
        "startTime": 107353027042100
      },
      "additional": {
        "logType": "detail",
        "children": [],
        "durationId": "92fa9a21-b099-4a5f-89e7-0fd8b182e166"
      }
    },
    {
      "head": {
        "id": "9c8bb80c-2677-48ab-8bf2-054f2faf3562",
        "name": "entry : PreviewBuild start {\n  rss: 327319552,\n  heapTotal: 93978624,\n  heapUsed: 78086808,\n  external: 1314313,\n  arrayBuffers: 96237\n}",
        "description": "",
        "type": "log"
      },
      "body": {
        "pid": 36676,
        "tid": "Main Thread",
        "startTime": 107353027185700
      },
      "additional": {
        "logType": "debug",
        "children": []
      }
    },
    {
      "head": {
        "id": "1b52489f-350a-4ece-acdc-4d8faa68d798",
        "name": "Executing task :entry:PreviewBuild",
        "description": "",
        "type": "log"
      },
      "body": {
        "pid": 36676,
        "tid": "Main Thread",
        "startTime": 107353027231100
      },
      "additional": {
        "logType": "debug",
        "children": []
      }
    },
    {
      "head": {
        "id": "bd15e4a2-67ba-441f-bde2-9450256c8a2d",
        "name": "entry : PreviewBuild end {\n  rss: 327319552,\n  heapTotal: 93978624,\n  heapUsed: 78095808,\n  external: 1314313,\n  arrayBuffers: 96237\n}",
        "description": "",
        "type": "log"
      },
      "body": {
        "pid": 36676,
        "tid": "Main Thread",
        "startTime": 107353027303400
      },
      "additional": {
        "logType": "debug",
        "children": []
      }
    },
    {
      "head": {
        "id": "c93e67ab-8239-4840-b18f-d4ff153a4645",
        "name": "Finished :entry:PreviewBuild",
        "description": "Build preview in the stage model.",
        "type": "log"
      },
      "body": {
        "pid": 36676,
        "tid": "Main Thread",
        "startTime": 107353027213600,
        "endTime": 107353027323900
      },
      "additional": {
        "logType": "info",
        "children": [],
        "durationId": "92fa9a21-b099-4a5f-89e7-0fd8b182e166"
      }
    },
    {
      "head": {
        "id": "777e030a-3a86-4e32-94f5-e50071442485",
        "name": "BUILD SUCCESSFUL in 6 s 203 ms ",
        "description": "",
        "type": "log"
      },
      "body": {
        "pid": 36676,
        "tid": "Main Thread",
        "startTime": 107353027619900
      },
      "additional": {
        "logType": "info",
        "children": []
      }
    },
    {
      "head": {
        "id": "ceb52a38-6dd7-42a1-a144-8a6547617495",
        "name": "PreviewBuild",
        "description": "",
        "type": "mark"
      },
      "body": {
        "pid": 36676,
        "tid": "Main Thread",
        "startTime": 107346825487600,
        "endTime": 107353027821800
      },
      "additional": {
        "time": {
          "year": 2024,
          "month": 7,
          "day": 31,
          "hour": 15,
          "minute": 13
        },
        "markType": "history",
        "category": "build",
        "state": "success"
      }
    },
    {
      "head": {
        "id": "3e6e08c8-396c-44bc-8296-132f910eef28",
        "name": "There is no need to refresh cache, since the incremental task entry:default@PreBuild is up-to-date.",
        "description": "",
        "type": "log"
      },
      "body": {
        "pid": 36676,
        "tid": "Main Thread",
        "startTime": 107353027864800
      },
      "additional": {
        "logType": "debug",
        "children": []
      }
    },
    {
      "head": {
        "id": "4bc94d9a-42b9-4709-8565-56f20b769611",
        "name": "There is no need to refresh cache, since the incremental task entry:default@GenerateLoaderJson is up-to-date.",
        "description": "",
        "type": "log"
      },
      "body": {
        "pid": 36676,
        "tid": "Main Thread",
        "startTime": 107353027890900
      },
      "additional": {
        "logType": "debug",
        "children": []
      }
    },
    {
      "head": {
        "id": "db6ec0e2-5b2b-4c42-84c4-9b13345fcd57",
        "name": "There is no need to refresh cache, since the incremental task entry:default@MergeProfile is up-to-date.",
        "description": "",
        "type": "log"
      },
      "body": {
        "pid": 36676,
        "tid": "Main Thread",
        "startTime": 107353027909400
      },
      "additional": {
        "logType": "debug",
        "children": []
      }
    },
    {
      "head": {
        "id": "1d2e0981-0600-4b23-9c23-42b3d0db0848",
        "name": "There is no need to refresh cache, since the incremental task entry:default@ProcessProfile is up-to-date.",
        "description": "",
        "type": "log"
      },
      "body": {
        "pid": 36676,
        "tid": "Main Thread",
        "startTime": 107353027924800
      },
      "additional": {
        "logType": "debug",
        "children": []
      }
    },
    {
      "head": {
        "id": "992c1811-5c47-4e59-9310-ca9d8c303e7c",
        "name": "Update task entry:default@PreviewProcessResource output file:{\"commandList\":[\"C:\\\\Users\\\\k50038792\\\\AppData\\\\Local\\\\Huawei\\\\Sdk\\\\openharmony\\\\9\\\\toolchains\\\\restool.exe\",\"-m\",\"entry\",\"-f\",\"-j\",\"C:\\\\Users\\\\k50038792\\\\DevEcoStudioProjects\\\\Task\\\\entry\\\\.preview\\\\default\\\\intermediates\\\\process_profile\\\\default\\\\module.json\",\"-p\",\"com.example.task\",\"-o\",\"C:\\\\Users\\\\k50038792\\\\DevEcoStudioProjects\\\\Task\\\\entry\\\\.preview\\\\default\\\\intermediates\\\\res\\\\default\",\"-r\",\"C:\\\\Users\\\\k50038792\\\\DevEcoStudioProjects\\\\Task\\\\entry\\\\.preview\\\\default\\\\generated\\\\r\\\\default\\\\ResourceTable.h\"],\"inputFiles\":{\"_group\":{}},\"outputFiles\":{\"_group\":{}},\"existsResourceDir\":true,\"restoolLinkParamObj\":{\"appScopeResources\":\"C:\\\\Users\\\\k50038792\\\\DevEcoStudioProjects\\\\Task\\\\AppScope\\\\resources\",\"moduleResourcesMap\":{},\"harResourcesMap\":{},\"outputPath\":\"C:\\\\Users\\\\k50038792\\\\DevEcoStudioProjects\\\\Task\\\\entry\\\\.preview\\\\default\\\\intermediates\\\\res\\\\default\",\"linkCommand\":[\"C:\\\\Users\\\\k50038792\\\\AppData\\\\Local\\\\Huawei\\\\Sdk\\\\openharmony\\\\9\\\\toolchains\\\\restool.exe\",\"-m\",\"entry\",\"-f\",\"-j\",\"C:\\\\Users\\\\k50038792\\\\DevEcoStudioProjects\\\\Task\\\\entry\\\\.preview\\\\default\\\\intermediates\\\\process_profile\\\\default\\\\module.json\",\"-p\",\"com.example.task\",\"-r\",\"C:\\\\Users\\\\k50038792\\\\DevEcoStudioProjects\\\\Task\\\\entry\\\\.preview\\\\default\\\\generated\\\\r\\\\default\\\\ResourceTable.h\",\"-z\"]}} cache.",
        "description": "",
        "type": "log"
      },
      "body": {
        "pid": 36676,
        "tid": "Main Thread",
        "startTime": 107353027985100
      },
      "additional": {
        "logType": "debug",
        "children": []
      }
    },
    {
      "head": {
        "id": "d668a198-117d-4430-af4e-fdd5e6bcc2c4",
        "name": "Incremental task entry:default@PreviewProcessResource post-execution cost:1 ms .",
        "description": "",
        "type": "log"
      },
      "body": {
        "pid": 36676,
        "tid": "Main Thread",
        "startTime": 107353028497300
      },
      "additional": {
        "logType": "debug",
        "children": []
      }
    },
    {
      "head": {
        "id": "fb66e9d2-edd5-49f4-82d0-df844a6ceb17",
        "name": "There is no need to refresh cache, since the incremental task entry:default@PreviewCompileResource is up-to-date.",
        "description": "",
        "type": "log"
      },
      "body": {
        "pid": 36676,
        "tid": "Main Thread",
        "startTime": 107353028525600
      },
      "additional": {
        "logType": "debug",
        "children": []
      }
    },
    {
      "head": {
        "id": "09a59c05-14d4-4ef4-bad0-58016a7450ea",
        "name": "Update task entry:default@PreviewUpdateAssets input file:C:\\Users\\k50038792\\DevEcoStudioProjects\\Task\\entry\\.preview\\config\\buildConfig.json cache from map.",
        "description": "",
        "type": "log"
      },
      "body": {
        "pid": 36676,
        "tid": "Main Thread",
        "startTime": 107353028555300
      },
      "additional": {
        "logType": "debug",
        "children": []
      }
    },
    {
      "head": {
        "id": "6e790d41-e3db-4dab-8aa4-2a6b861ac4a9",
        "name": "Update task entry:default@PreviewUpdateAssets output file:C:\\Users\\k50038792\\DevEcoStudioProjects\\Task\\entry\\.preview\\default\\intermediates\\res\\default\\module.json cache.",
        "description": "",
        "type": "log"
      },
      "body": {
        "pid": 36676,
        "tid": "Main Thread",
        "startTime": 107353029314500
      },
      "additional": {
        "logType": "debug",
        "children": []
      }
    },
    {
      "head": {
        "id": "538cdcd9-7698-4193-8f51-92045ce23da0",
        "name": "Update task entry:default@PreviewUpdateAssets output file:C:\\Users\\k50038792\\DevEcoStudioProjects\\Task\\entry\\.preview\\default\\intermediates\\res\\default\\resources\\base\\profile\\main_pages.json cache.",
        "description": "",
        "type": "log"
      },
      "body": {
        "pid": 36676,
        "tid": "Main Thread",
        "startTime": 107353029772800
      },
      "additional": {
        "logType": "debug",
        "children": []
      }
    },
    {
      "head": {
        "id": "ff8d62c8-b1d1-4fe5-9c5b-041c9c785cc8",
        "name": "Incremental task entry:default@PreviewUpdateAssets post-execution cost:2 ms .",
        "description": "",
        "type": "log"
      },
      "body": {
        "pid": 36676,
        "tid": "Main Thread",
        "startTime": 107353030263100
      },
      "additional": {
        "logType": "debug",
        "children": []
      }
    },
    {
      "head": {
        "id": "8389bcd6-0a4b-4ec2-8380-d3b96a0a752a",
        "name": "Update task entry:default@PreviewArkTS input file:C:\\Users\\k50038792\\DevEcoStudioProjects\\Task\\entry\\.preview\\default\\intermediates\\loader\\default cache by regenerate.",
        "description": "",
        "type": "log"
      },
      "body": {
        "pid": 36676,
        "tid": "Main Thread",
        "startTime": 107353036205600
      },
      "additional": {
        "logType": "debug",
        "children": []
      }
    },
    {
      "head": {
        "id": "3c5cf7f1-28d0-4ccd-bcac-057a16629b64",
        "name": "Update task entry:default@PreviewArkTS input file:C:\\Users\\k50038792\\DevEcoStudioProjects\\Task\\entry\\.preview\\default\\intermediates\\res\\default\\ResourceTable.txt cache by regenerate.",
        "description": "",
        "type": "log"
      },
      "body": {
        "pid": 36676,
        "tid": "Main Thread",
        "startTime": 107353037244000
      },
      "additional": {
        "logType": "debug",
        "children": []
      }
    },
    {
      "head": {
        "id": "172e4462-077c-473c-9bb6-e05a2b78e6ec",
        "name": "Update task entry:default@PreviewArkTS input file:C:\\Users\\k50038792\\DevEcoStudioProjects\\Task\\entry\\.preview\\default\\intermediates\\res\\default\\module.json cache by regenerate.",
        "description": "",
        "type": "log"
      },
      "body": {
        "pid": 36676,
        "tid": "Main Thread",
        "startTime": 107353037649000
      },
      "additional": {
        "logType": "debug",
        "children": []
      }
    },
    {
      "head": {
        "id": "96fcbfc1-bd88-4c37-a42a-d1865905b97f",
        "name": "Update task entry:default@PreviewArkTS input file:C:\\Users\\k50038792\\DevEcoStudioProjects\\Task\\entry\\.preview\\default\\intermediates\\res\\default\\resources\\base\\profile cache from map.",
        "description": "",
        "type": "log"
      },
      "body": {
        "pid": 36676,
        "tid": "Main Thread",
        "startTime": 107353038037300
      },
      "additional": {
        "logType": "debug",
        "children": []
      }
    },
    {
      "head": {
        "id": "618b7168-9fcf-469e-b3a5-e574919d003f",
        "name": "Update task entry:default@PreviewArkTS input file:C:\\Users\\k50038792\\DevEcoStudioProjects\\Task\\entry\\src\\main\\ets cache by regenerate.",
        "description": "",
        "type": "log"
      },
      "body": {
        "pid": 36676,
        "tid": "Main Thread",
        "startTime": 107353038058500
      },
      "additional": {
        "logType": "debug",
        "children": []
      }
    },
    {
      "head": {
        "id": "b38489a3-997c-4406-bbfb-22e1baf42190",
        "name": "Update task entry:default@PreviewArkTS output file:C:\\Users\\k50038792\\DevEcoStudioProjects\\Task\\entry\\.preview\\default\\intermediates\\loader_out\\default\\ets cache.",
        "description": "",
        "type": "log"
      },
      "body": {
        "pid": 36676,
        "tid": "Main Thread",
        "startTime": 107353042895900
      },
      "additional": {
        "logType": "debug",
        "children": []
      }
    },
    {
      "head": {
        "id": "285f756d-5cca-4100-ace3-7163bb253766",
        "name": "Incremental task entry:default@PreviewArkTS post-execution cost:13 ms .",
        "description": "",
        "type": "log"
      },
      "body": {
        "pid": 36676,
        "tid": "Main Thread",
        "startTime": 107353043313900
      },
      "additional": {
        "logType": "debug",
        "children": []
      }
    }
  ],
  "workLog": []
}