{
  "version": "1.0",
  "workLog": [],
  "workerIdList": [
    -1
  ],
  "metrics": [
    {
      "type": "build_line",
      "endTime": 1715075908369,
      "status": "closed",
      "children": [],
      "name": "overallTime",
      "taskName": "default@PreBuild",
      "taskPath": "entry",
      "workerId": -1,
      "startTime": 1715075908359
    },
    {
      "type": "build_line",
      "endTime": 1715075908376,
      "status": "closed",
      "children": [],
      "name": "overallTime",
      "taskName": "default@MergeProfile",
      "taskPath": "entry",
      "workerId": -1,
      "startTime": 1715075908371
    },
    {
      "type": "build_line",
      "endTime": 1715075908379,
      "status": "closed",
      "children": [],
      "name": "overallTime",
      "taskName": "default@GenerateLoaderJson",
      "taskPath": "entry",
      "workerId": -1,
      "startTime": 1715075908376
    },
    {
      "type": "build_line",
      "endTime": 1715075908382,
      "status": "closed",
      "children": [],
      "name": "overallTime",
      "taskName": "default@ProcessProfile",
      "taskPath": "entry",
      "workerId": -1,
      "startTime": 1715075908379
    },
    {
      "type": "build_line",
      "endTime": 1715075908385,
      "status": "closed",
      "children": [],
      "name": "overallTime",
      "taskName": "default@PreviewProcessResource",
      "taskPath": "entry",
      "workerId": -1,
      "startTime": 1715075908383
    },
    {
      "type": "build_line",
      "endTime": 1715075908949,
      "status": "closed",
      "children": [],
      "name": "overallTime",
      "taskName": "default@PreviewCompileResource",
      "taskPath": "entry",
      "workerId": -1,
      "startTime": 1715075908386
    },
    {
      "type": "build_line",
      "endTime": 1715075908951,
      "status": "closed",
      "children": [],
      "name": "overallTime",
      "taskName": "default@PreviewHookCompileResource",
      "taskPath": "entry",
      "workerId": -1,
      "startTime": 1715075908951
    },
    {
      "type": "build_line",
      "endTime": 1715075908975,
      "status": "closed",
      "children": [],
      "name": "overallTime",
      "taskName": "default@ReplacePreviewerPage",
      "taskPath": "entry",
      "workerId": -1,
      "startTime": 1715075908952
    },
    {
      "type": "build_line",
      "endTime": 1715075908976,
      "status": "closed",
      "children": [],
      "name": "overallTime",
      "taskName": "buildPreviewerResource",
      "taskPath": "entry",
      "workerId": -1,
      "startTime": 1715075908976
    },
    {
      "type": "build_line",
      "endTime": 1715075908989,
      "status": "closed",
      "children": [],
      "name": "overallTime",
      "taskName": "default@PreviewUpdateAssets",
      "taskPath": "entry",
      "workerId": -1,
      "startTime": 1715075908977
    },
    {
      "type": "build_line",
      "endTime": 1715075919042,
      "status": "closed",
      "children": [],
      "name": "overallTime",
      "taskName": "default@PreviewArkTS",
      "taskPath": "entry",
      "workerId": -1,
      "startTime": 1715075908991
    },
    {
      "type": "build_line",
      "endTime": 1715075919071,
      "status": "closed",
      "children": [],
      "name": "overallTime",
      "taskName": "PreviewBuild",
      "taskPath": "entry",
      "workerId": -1,
      "startTime": 1715075919071
    },
    {
      "type": "build_line",
      "endTime": 1715080045943,
      "status": "closed",
      "children": [],
      "name": "overallTime",
      "taskName": "default@PreBuild",
      "taskPath": "entry",
      "workerId": -1,
      "startTime": 1715080045939
    },
    {
      "type": "build_line",
      "endTime": 1715080045947,
      "status": "closed",
      "children": [],
      "name": "overallTime",
      "taskName": "default@MergeProfile",
      "taskPath": "entry",
      "workerId": -1,
      "startTime": 1715080045944
    },
    {
      "type": "build_line",
      "endTime": 1715080045948,
      "status": "closed",
      "children": [],
      "name": "overallTime",
      "taskName": "default@GenerateLoaderJson",
      "taskPath": "entry",
      "workerId": -1,
      "startTime": 1715080045947
    },
    {
      "type": "build_line",
      "endTime": 1715080045950,
      "status": "closed",
      "children": [],
      "name": "overallTime",
      "taskName": "default@ProcessProfile",
      "taskPath": "entry",
      "workerId": -1,
      "startTime": 1715080045948
    },
    {
      "type": "build_line",
      "endTime": 1715080045951,
      "status": "closed",
      "children": [],
      "name": "overallTime",
      "taskName": "default@PreviewProcessResource",
      "taskPath": "entry",
      "workerId": -1,
      "startTime": 1715080045950
    },
    {
      "type": "build_line",
      "endTime": 1715080046302,
      "status": "closed",
      "children": [],
      "name": "overallTime",
      "taskName": "default@PreviewCompileResource",
      "taskPath": "entry",
      "workerId": -1,
      "startTime": 1715080045951
    },
    {
      "type": "build_line",
      "endTime": 1715080046303,
      "status": "closed",
      "children": [],
      "name": "overallTime",
      "taskName": "default@PreviewHookCompileResource",
      "taskPath": "entry",
      "workerId": -1,
      "startTime": 1715080046303
    },
    {
      "type": "build_line",
      "endTime": 1715080046315,
      "status": "closed",
      "children": [],
      "name": "overallTime",
      "taskName": "default@ReplacePreviewerPage",
      "taskPath": "entry",
      "workerId": -1,
      "startTime": 1715080046304
    },
    {
      "type": "build_line",
      "endTime": 1715080046315,
      "status": "closed",
      "children": [],
      "name": "overallTime",
      "taskName": "buildPreviewerResource",
      "taskPath": "entry",
      "workerId": -1,
      "startTime": 1715080046315
    },
    {
      "type": "build_line",
      "endTime": 1715080046322,
      "status": "closed",
      "children": [],
      "name": "overallTime",
      "taskName": "default@PreviewUpdateAssets",
      "taskPath": "entry",
      "workerId": -1,
      "startTime": 1715080046315
    },
    {
      "type": "build_line",
      "endTime": 1715080056069,
      "status": "closed",
      "children": [],
      "name": "overallTime",
      "taskName": "default@PreviewArkTS",
      "taskPath": "entry",
      "workerId": -1,
      "startTime": 1715080046324
    },
    {
      "type": "build_line",
      "endTime": 1715080056077,
      "status": "closed",
      "children": [],
      "name": "overallTime",
      "taskName": "PreviewBuild",
      "taskPath": "entry",
      "workerId": -1,
      "startTime": 1715080056076
    },
    {
      "type": "build_line",
      "endTime": 1715175494343,
      "status": "closed",
      "children": [],
      "name": "overallTime",
      "taskName": "default@PreBuild",
      "taskPath": "entry",
      "workerId": -1,
      "startTime": 1715175494337
    },
    {
      "type": "build_line",
      "endTime": 1715175494350,
      "status": "closed",
      "children": [],
      "name": "overallTime",
      "taskName": "default@MergeProfile",
      "taskPath": "entry",
      "workerId": -1,
      "startTime": 1715175494345
    },
    {
      "type": "build_line",
      "endTime": 1715175494351,
      "status": "closed",
      "children": [],
      "name": "overallTime",
      "taskName": "default@GenerateLoaderJson",
      "taskPath": "entry",
      "workerId": -1,
      "startTime": 1715175494350
    },
    {
      "type": "build_line",
      "endTime": 1715175494354,
      "status": "closed",
      "children": [],
      "name": "overallTime",
      "taskName": "default@ProcessProfile",
      "taskPath": "entry",
      "workerId": -1,
      "startTime": 1715175494351
    },
    {
      "type": "build_line",
      "endTime": 1715175494355,
      "status": "closed",
      "children": [],
      "name": "overallTime",
      "taskName": "default@PreviewProcessResource",
      "taskPath": "entry",
      "workerId": -1,
      "startTime": 1715175494354
    },
    {
      "type": "build_line",
      "endTime": 1715175494389,
      "status": "closed",
      "children": [],
      "name": "overallTime",
      "taskName": "default@PreviewCompileResource",
      "taskPath": "entry",
      "workerId": -1,
      "startTime": 1715175494356
    },
    {
      "type": "build_line",
      "endTime": 1715175494389,
      "status": "closed",
      "children": [],
      "name": "overallTime",
      "taskName": "default@PreviewHookCompileResource",
      "taskPath": "entry",
      "workerId": -1,
      "startTime": 1715175494389
    },
    {
      "type": "build_line",
      "endTime": 1715175494401,
      "status": "closed",
      "children": [],
      "name": "overallTime",
      "taskName": "default@ReplacePreviewerPage",
      "taskPath": "entry",
      "workerId": -1,
      "startTime": 1715175494389
    },
    {
      "type": "build_line",
      "endTime": 1715175494401,
      "status": "closed",
      "children": [],
      "name": "overallTime",
      "taskName": "buildPreviewerResource",
      "taskPath": "entry",
      "workerId": -1,
      "startTime": 1715175494401
    },
    {
      "type": "build_line",
      "endTime": 1715175494408,
      "status": "closed",
      "children": [],
      "name": "overallTime",
      "taskName": "default@PreviewUpdateAssets",
      "taskPath": "entry",
      "workerId": -1,
      "startTime": 1715175494401
    },
    {
      "type": "build_line",
      "endTime": 1715175502856,
      "status": "closed",
      "children": [],
      "name": "overallTime",
      "taskName": "default@PreviewArkTS",
      "taskPath": "entry",
      "workerId": -1,
      "startTime": 1715175494409
    },
    {
      "type": "build_line",
      "endTime": 1715175502873,
      "status": "closed",
      "children": [],
      "name": "overallTime",
      "taskName": "PreviewBuild",
      "taskPath": "entry",
      "workerId": -1,
      "startTime": 1715175502873
    }
  ]
}