{
  "version": "1.0",
  "events": [
    {
      "head": {
        "id": "7882c0f5-4497-48a5-8097-094faf7b8af3",
        "name": "hvigor build process will be closed.",
        "description": "",
        "type": "log"
      },
      "body": {
        "pid": 173272,
        "tid": "Main Thread",
        "startTime": 346539432159400
      },
      "additional": {
        "logType": "debug",
        "children": []
      }
    },
    {
      "head": {
        "id": "2234d82c-81d2-4b22-9aa7-f34d1d75667b",
        "name": "worker[0] exit with exit code 1.",
        "description": "",
        "type": "log"
      },
      "body": {
        "pid": 173272,
        "tid": "Main Thread",
        "startTime": 346539436631900
      },
      "additional": {
        "logType": "debug",
        "children": []
      }
    },
    {
      "head": {
        "id": "0801e82f-bdd4-4dd1-bd05-dd51236298ce",
        "name": "worker[1] exit with exit code 1.",
        "description": "",
        "type": "log"
      },
      "body": {
        "pid": 173272,
        "tid": "Main Thread",
        "startTime": 346539438110100
      },
      "additional": {
        "logType": "debug",
        "children": []
      }
    },
    {
      "head": {
        "id": "d481edfe-b2e6-493b-bd2e-d353485aba7c",
        "name": "hvigor disconnect:  client namespace disconnect",
        "description": "",
        "type": "log"
      },
      "body": {
        "pid": 173272,
        "tid": "Main Thread",
        "startTime": 346543506987200
      },
      "additional": {
        "logType": "debug",
        "children": []
      }
    },
    {
      "head": {
        "id": "33b85bbc-c7ea-4f8b-bc11-d2673f1c932c",
        "name": "hvigor daemon: terminate worker. threadId=0, socketId=86Ii8LbhHOStlejiAAAD",
        "description": "",
        "type": "log"
      },
      "body": {
        "pid": 173272,
        "tid": "Main Thread",
        "startTime": 346543508126300
      },
      "additional": {
        "logType": "debug",
        "children": []
      }
    },
    {
      "head": {
        "id": "39b9fb9c-8f20-4af1-8233-85aadeaed008",
        "name": "hvigor daemon: Socket will be closed. socketId=86Ii8LbhHOStlejiAAAD, connectionCount=0",
        "description": "",
        "type": "log"
      },
      "body": {
        "pid": 173272,
        "tid": "Main Thread",
        "startTime": 346543512476300
      },
      "additional": {
        "logType": "debug",
        "children": []
      }
    },
    {
      "head": {
        "id": "02717d4e-a93d-4628-bffd-5a390574ba75",
        "name": "hvigor daemon: Update daemon info in registry. daemonInfo={\"pid\":173272,\"state\":\"idle\",\"address\":\"127.0.0.1\",\"cwdPath\":\"D:\\\\WorkSpace\\\\Light_Example\",\"hvigorVersion\":\"3.2.4\",\"keyId\":\"faffe073d2700d803d483dcf74c95312f96b4a59\",\"nodeParams\":\"a3c7cac23ce8db547a7b07254455e2f6\",\"nodeVersion\":\"v16.20.1\",\"port\":45002,\"lastUsedTime\":1723189484232,\"createdBy\":\"deveco\",\"sessionId\":\"0000005050bca5abc10bfe883a2eeb3d11703c7484c53dab36f555aaa0df5597b91795ec5fafff8cd614856352f330e2040f64292c2b34a7d22551b8c1b3dbbc947397115143e37c88906060c7cb46e332227029ca9d46fb2495a947a7ab6179\"}",
        "description": "",
        "type": "log"
      },
      "body": {
        "pid": 173272,
        "tid": "Main Thread",
        "startTime": 346543513740500
      },
      "additional": {
        "logType": "debug",
        "children": []
      }
    },
    {
      "head": {
        "id": "273f29cb-d655-4361-b87b-86d4ba6de5b2",
        "name": "Server currently has 0 watch-worker",
        "description": "",
        "type": "log"
      },
      "body": {
        "pid": 173272,
        "tid": "Main Thread",
        "startTime": 346543540922500
      },
      "additional": {
        "logType": "debug",
        "children": []
      }
    },
    {
      "head": {
        "id": "f01854ad-ac9e-4d2d-92e6-ff1214e53771",
        "name": "hvigor daemon: Socket is connected. socketId=on1x0WXR39FNRaQZAAAF, connectionCount=1",
        "description": "",
        "type": "log"
      },
      "body": {
        "pid": 173272,
        "tid": "Main Thread",
        "startTime": 346545026923000
      },
      "additional": {
        "logType": "debug",
        "children": []
      }
    },
    {
      "head": {
        "id": "5e854561-9c97-4fff-adac-8e02898a981d",
        "name": "hvigor daemon: daemonState=idle \n      daemonInfo=[{\"pid\":172124,\"state\":\"idle\",\"address\":\"127.0.0.1\",\"cwdPath\":\"C:\\\\Users\\\\k50038792\\\\Downloads\\\\docu\\\\Demos\",\"hvigorVersion\":\"3.2.4\",\"keyId\":\"7df3284303c71c60e04b77d6ecc377e428e457fb\",\"nodeParams\":\"a3c7cac23ce8db547a7b07254455e2f6\",\"nodeVersion\":\"v20.11.1\",\"port\":45000,\"lastUsedTime\":1723188534931,\"createdBy\":\"deveco\",\"sessionId\":\"0000005066464dfac8f8822a17849cae967360a55186027a7fa7da2168d3c638bb3d6ba9130b59ca1b4ffc2de0500670b69352b92886fad23472a8241388effa07d259a4af9f718226781c24a9f4352ef7a3b86a7a67e6873b102bd6dda34f68\"},{\"pid\":28760,\"state\":\"idle\",\"address\":\"127.0.0.1\",\"cwdPath\":\"C:\\\\Users\\\\k50038792\\\\Downloads\\\\web-app-master\",\"hvigorVersion\":\"3.2.4\",\"keyId\":\"e50436952d7f8ae27b190fe14825389d793c7325\",\"nodeParams\":\"a3c7cac23ce8db547a7b07254455e2f6\",\"nodeVersion\":\"v20.11.1\",\"port\":45001,\"lastUsedTime\":1723188973352,\"createdBy\":\"deveco\",\"sessionId\":\"000000501f8f3987850b03ab367c4eba62dbd1b8c869cc9df12bb958a2c3404cebf26818c9da5533f096127c63b6cc730ec6d49ea7f144f47ddaf4a61e59fb1b9614b357e1ff15a4124d8e9f4968a24c2c65ac98710e833a712bb421c0fa5a87\"},{\"pid\":173272,\"state\":\"idle\",\"address\":\"127.0.0.1\",\"cwdPath\":\"D:\\\\WorkSpace\\\\Light_Example\",\"hvigorVersion\":\"3.2.4\",\"keyId\":\"faffe073d2700d803d483dcf74c95312f96b4a59\",\"nodeParams\":\"a3c7cac23ce8db547a7b07254455e2f6\",\"nodeVersion\":\"v16.20.1\",\"port\":45002,\"lastUsedTime\":1723189488323,\"createdBy\":\"deveco\",\"sessionId\":\"0000005050bca5abc10bfe883a2eeb3d11703c7484c53dab36f555aaa0df5597b91795ec5fafff8cd614856352f330e2040f64292c2b34a7d22551b8c1b3dbbc947397115143e37c88906060c7cb46e332227029ca9d46fb2495a947a7ab6179\"}]",
        "description": "",
        "type": "log"
      },
      "body": {
        "pid": 173272,
        "tid": "Main Thread",
        "startTime": 346545028271700
      },
      "additional": {
        "logType": "debug",
        "children": []
      }
    },
    {
      "head": {
        "id": "a2c3bfad-0b0c-4750-8c62-8e80f71736ed",
        "name": "hvigor daemon: Update daemon info in registry. daemonInfo={\"pid\":173272,\"state\":\"half_busy\",\"address\":\"127.0.0.1\",\"cwdPath\":\"D:\\\\WorkSpace\\\\Light_Example\",\"hvigorVersion\":\"3.2.4\",\"keyId\":\"faffe073d2700d803d483dcf74c95312f96b4a59\",\"nodeParams\":\"a3c7cac23ce8db547a7b07254455e2f6\",\"nodeVersion\":\"v16.20.1\",\"port\":45002,\"lastUsedTime\":1723189488323,\"createdBy\":\"deveco\",\"sessionId\":\"0000005050bca5abc10bfe883a2eeb3d11703c7484c53dab36f555aaa0df5597b91795ec5fafff8cd614856352f330e2040f64292c2b34a7d22551b8c1b3dbbc947397115143e37c88906060c7cb46e332227029ca9d46fb2495a947a7ab6179\"}",
        "description": "",
        "type": "log"
      },
      "body": {
        "pid": 173272,
        "tid": "Main Thread",
        "startTime": 346545029601400
      },
      "additional": {
        "logType": "debug",
        "children": []
      }
    },
    {
      "head": {
        "id": "ea7a9c08-d1d5-421f-a8d3-ba3e1de2ba45",
        "name": "set active socket. socketId=on1x0WXR39FNRaQZAAAF",
        "description": "",
        "type": "log"
      },
      "body": {
        "pid": 173272,
        "tid": "Main Thread",
        "startTime": 346545038240100
      },
      "additional": {
        "logType": "debug",
        "children": []
      }
    },
    {
      "head": {
        "id": "ff2a1a2f-34ac-4f1f-bd27-dca7c5d9b24f",
        "name": "hvigor daemon: Update daemon info in registry. daemonInfo={\"pid\":173272,\"state\":\"stopReq\",\"address\":\"127.0.0.1\",\"cwdPath\":\"D:\\\\WorkSpace\\\\Light_Example\",\"hvigorVersion\":\"3.2.4\",\"keyId\":\"faffe073d2700d803d483dcf74c95312f96b4a59\",\"nodeParams\":\"a3c7cac23ce8db547a7b07254455e2f6\",\"nodeVersion\":\"v16.20.1\",\"port\":45002,\"lastUsedTime\":1723189489839,\"createdBy\":\"deveco\",\"sessionId\":\"0000005050bca5abc10bfe883a2eeb3d11703c7484c53dab36f555aaa0df5597b91795ec5fafff8cd614856352f330e2040f64292c2b34a7d22551b8c1b3dbbc947397115143e37c88906060c7cb46e332227029ca9d46fb2495a947a7ab6179\"}",
        "description": "",
        "type": "log"
      },
      "body": {
        "pid": 173272,
        "tid": "Main Thread",
        "startTime": 346545039349800
      },
      "additional": {
        "logType": "debug",
        "children": []
      }
    },
    {
      "head": {
        "id": "2f6a5dfb-1e8c-4826-87b2-4e22b8e33639",
        "name": "hvigor daemon: Receive data from client. data={\n  mode: 'module',\n  watch: true,\n  parallel: true,\n  prop: [\n    'module=entry@default',\n    'product=default',\n    'previewer.replace.page=pages/solution/Light',\n    'pageType=page',\n    'compileResInc=true',\n    'previewMode=true',\n    'buildRoot=.preview'\n  ],\n  incremental: true,\n  _: [ 'PreviewBuild' ],\n  daemon: true\n}.",
        "description": "",
        "type": "log"
      },
      "body": {
        "pid": 173272,
        "tid": "Main Thread",
        "startTime": 346545042857000
      },
      "additional": {
        "logType": "debug",
        "children": []
      }
    },
    {
      "head": {
        "id": "6a51dd0c-da8e-44b7-877e-b7833c8a9df5",
        "name": "hvigor daemon: Build start.",
        "description": "",
        "type": "log"
      },
      "body": {
        "pid": 173272,
        "tid": "Main Thread",
        "startTime": 346545043495800
      },
      "additional": {
        "logType": "debug",
        "children": []
      }
    },
    {
      "head": {
        "id": "942a89fd-9c85-43d8-bdb6-8325da284f87",
        "name": "hvigor daemon: Update daemon info in registry. daemonInfo={\"pid\":173272,\"state\":\"busy\",\"address\":\"127.0.0.1\",\"cwdPath\":\"D:\\\\WorkSpace\\\\Light_Example\",\"hvigorVersion\":\"3.2.4\",\"keyId\":\"faffe073d2700d803d483dcf74c95312f96b4a59\",\"nodeParams\":\"a3c7cac23ce8db547a7b07254455e2f6\",\"nodeVersion\":\"v16.20.1\",\"port\":45002,\"lastUsedTime\":1723189489848,\"createdBy\":\"deveco\",\"sessionId\":\"0000005050bca5abc10bfe883a2eeb3d11703c7484c53dab36f555aaa0df5597b91795ec5fafff8cd614856352f330e2040f64292c2b34a7d22551b8c1b3dbbc947397115143e37c88906060c7cb46e332227029ca9d46fb2495a947a7ab6179\"}",
        "description": "",
        "type": "log"
      },
      "body": {
        "pid": 173272,
        "tid": "Main Thread",
        "startTime": 346545044467700
      },
      "additional": {
        "logType": "debug",
        "children": []
      }
    },
    {
      "head": {
        "id": "d203285b-5426-4da7-bc17-449f98fb1ed3",
        "name": "Hvigor init with startParameters:{\n  hvigorfileTypeCheck: false,\n  parallelExecution: true,\n  incrementalExecution: true,\n  printStackTrace: false,\n  daemon: true,\n  analyze: 0,\n  logLevel: Level { level: 20000, levelStr: 'INFO', colour: 'green' },\n  enableSignTask: true\n}",
        "description": "",
        "type": "log"
      },
      "body": {
        "pid": 173272,
        "tid": "Main Thread",
        "startTime": 346545049776600
      },
      "additional": {
        "logType": "debug",
        "children": []
      }
    },
    {
      "head": {
        "id": "386193b2-18b4-46d5-a303-de396e0b1387",
        "name": "Cache service initialization finished in 8 ms ",
        "description": "",
        "type": "log"
      },
      "body": {
        "pid": 173272,
        "tid": "Main Thread",
        "startTime": 346545057020000
      },
      "additional": {
        "logType": "debug",
        "children": []
      }
    },
    {
      "head": {
        "id": "7f805edb-3675-48ac-9f3c-612173ac9ce0",
        "name": "hvigorfile, resolving D:\\WorkSpace\\Light_Example\\hvigorfile.ts",
        "description": "",
        "type": "log"
      },
      "body": {
        "pid": 173272,
        "tid": "Main Thread",
        "startTime": 346545066561700
      },
      "additional": {
        "logType": "debug",
        "children": []
      }
    },
    {
      "head": {
        "id": "0fa2a6db-341a-4f83-b812-6ad2d3457c0f",
        "name": "hvigorfile, require result:  { default: { system: [Function: appTasks], plugins: [] } }",
        "description": "",
        "type": "log"
      },
      "body": {
        "pid": 173272,
        "tid": "Main Thread",
        "startTime": 346545083612900
      },
      "additional": {
        "logType": "debug",
        "children": []
      }
    },
    {
      "head": {
        "id": "fd697954-6e22-4328-b4bb-e6b158d2e648",
        "name": "hvigorfile, binding system plugins [Function: appTasks]",
        "description": "",
        "type": "log"
      },
      "body": {
        "pid": 173272,
        "tid": "Main Thread",
        "startTime": 346545083665500
      },
      "additional": {
        "logType": "debug",
        "children": []
      }
    },
    {
      "head": {
        "id": "4bcb3803-69ad-4e0c-9247-1e77287a9aac",
        "name": "hvigorfile, binding custom plugins []",
        "description": "",
        "type": "log"
      },
      "body": {
        "pid": 173272,
        "tid": "Main Thread",
        "startTime": 346545090528600
      },
      "additional": {
        "logType": "debug",
        "children": []
      }
    },
    {
      "head": {
        "id": "4e932ed3-bc1e-4b8a-adc5-e86b34169f94",
        "name": "hvigorfile, no custom plugins were found in D:\\WorkSpace\\Light_Example\\hvigorfile.ts",
        "description": "",
        "type": "log"
      },
      "body": {
        "pid": 173272,
        "tid": "Main Thread",
        "startTime": 346545090562600
      },
      "additional": {
        "logType": "debug",
        "children": []
      }
    },
    {
      "head": {
        "id": "f07a51ca-3929-4b50-a845-96420f188ab4",
        "name": "hvigorfile, resolve finished D:\\WorkSpace\\Light_Example\\hvigorfile.ts",
        "description": "",
        "type": "log"
      },
      "body": {
        "pid": 173272,
        "tid": "Main Thread",
        "startTime": 346545090577500
      },
      "additional": {
        "logType": "debug",
        "children": []
      }
    },
    {
      "head": {
        "id": "c407c2f9-aa70-43a7-a17e-8840c311183a",
        "name": "hvigorfile, resolving D:\\WorkSpace\\Light_Example\\entry\\hvigorfile.ts",
        "description": "",
        "type": "log"
      },
      "body": {
        "pid": 173272,
        "tid": "Main Thread",
        "startTime": 346545097463500
      },
      "additional": {
        "logType": "debug",
        "children": []
      }
    },
    {
      "head": {
        "id": "0833aaf6-5604-443f-872f-82db2726d968",
        "name": "hvigorfile, require result:  { default: { system: [Function: hapTasks], plugins: [] } }",
        "description": "",
        "type": "log"
      },
      "body": {
        "pid": 173272,
        "tid": "Main Thread",
        "startTime": 346545109388200
      },
      "additional": {
        "logType": "debug",
        "children": []
      }
    },
    {
      "head": {
        "id": "09001de4-63fb-4962-b4b7-7d2e27377c6d",
        "name": "hvigorfile, binding system plugins [Function: hapTasks]",
        "description": "",
        "type": "log"
      },
      "body": {
        "pid": 173272,
        "tid": "Main Thread",
        "startTime": 346545109454200
      },
      "additional": {
        "logType": "debug",
        "children": []
      }
    },
    {
      "head": {
        "id": "4e32b94d-6fe0-405b-b790-aa10ae0f5b07",
        "name": "Module entry Collected Dependency: ",
        "description": "",
        "type": "log"
      },
      "body": {
        "pid": 173272,
        "tid": "Main Thread",
        "startTime": 346545125694200
      },
      "additional": {
        "logType": "debug",
        "children": []
      }
    },
    {
      "head": {
        "id": "2f002929-4530-4d7e-a4a4-6cd776987ad1",
        "name": "Module entry's total dependency: 0",
        "description": "",
        "type": "log"
      },
      "body": {
        "pid": 173272,
        "tid": "Main Thread",
        "startTime": 346545125734900
      },
      "additional": {
        "logType": "debug",
        "children": []
      }
    },
    {
      "head": {
        "id": "eeaf19df-ca98-4341-a6c5-b76d2a5d67d0",
        "name": "Start initialize module-target build option map, moduleName=entry, buildMode=debug",
        "description": "",
        "type": "log"
      },
      "body": {
        "pid": 173272,
        "tid": "Main Thread",
        "startTime": 346545131425100
      },
      "additional": {
        "logType": "debug",
        "children": []
      }
    },
    {
      "head": {
        "id": "40e71dd9-387a-4c57-a73d-5fd278739efa",
        "name": "Target 'default' config: {}",
        "description": "",
        "type": "log"
      },
      "body": {
        "pid": 173272,
        "tid": "Main Thread",
        "startTime": 346545131484100
      },
      "additional": {
        "logType": "debug",
        "children": []
      }
    },
    {
      "head": {
        "id": "bb5cca58-95ef-439f-adab-5b78186bea97",
        "name": "Target 'ohosTest' config: {}",
        "description": "",
        "type": "log"
      },
      "body": {
        "pid": 173272,
        "tid": "Main Thread",
        "startTime": 346545131772400
      },
      "additional": {
        "logType": "debug",
        "children": []
      }
    },
    {
      "head": {
        "id": "b04cd13b-bd26-4bd0-bf39-b651fec70dfc",
        "name": "Module 'entry' target 'default' build option: {\n  \"debuggable\": true,\n  \"copyFrom\": \"default\",\n  \"arkOptions\": {},\n  \"name\": \"debug\"\n}",
        "description": "",
        "type": "log"
      },
      "body": {
        "pid": 173272,
        "tid": "Main Thread",
        "startTime": 346545132110100
      },
      "additional": {
        "logType": "debug",
        "children": []
      }
    },
    {
      "head": {
        "id": "9eb1d84e-1f1f-49a2-8d6a-d512f4dc3626",
        "name": "Module 'entry' target 'ohosTest' build option: {\n  \"debuggable\": true,\n  \"arkOptions\": {},\n  \"name\": \"default\"\n}",
        "description": "",
        "type": "log"
      },
      "body": {
        "pid": 173272,
        "tid": "Main Thread",
        "startTime": 346545132135200
      },
      "additional": {
        "logType": "debug",
        "children": []
      }
    },
    {
      "head": {
        "id": "fe83be90-1df8-4c74-b09c-f32900d4ee72",
        "name": "End initialize module-target build option map, moduleName=entry",
        "description": "",
        "type": "log"
      },
      "body": {
        "pid": 173272,
        "tid": "Main Thread",
        "startTime": 346545132198100
      },
      "additional": {
        "logType": "debug",
        "children": []
      }
    },
    {
      "head": {
        "id": "8a15a47c-1b93-4e28-824f-87de954878f0",
        "name": "Module 'entry' target 'default' using build option: {\n  \"debuggable\": true,\n  \"copyFrom\": \"default\",\n  \"arkOptions\": {},\n  \"name\": \"debug\"\n} in this build.",
        "description": "",
        "type": "log"
      },
      "body": {
        "pid": 173272,
        "tid": "Main Thread",
        "startTime": 346545132234800
      },
      "additional": {
        "logType": "debug",
        "children": []
      }
    },
    {
      "head": {
        "id": "02243fce-d27f-49b1-8c3b-f5ace18de153",
        "name": "require SDK: toolchains,ArkTS; moduleName=entry",
        "description": "",
        "type": "log"
      },
      "body": {
        "pid": 173272,
        "tid": "Main Thread",
        "startTime": 346545134346900
      },
      "additional": {
        "logType": "debug",
        "children": []
      }
    },
    {
      "head": {
        "id": "6b1621a9-7f61-4747-8eed-d7ad4a938e44",
        "name": "Module entry task initialization takes 9 ms ",
        "description": "",
        "type": "log"
      },
      "body": {
        "pid": 173272,
        "tid": "Main Thread",
        "startTime": 346545146280300
      },
      "additional": {
        "logType": "debug",
        "children": []
      }
    },
    {
      "head": {
        "id": "dcaeb103-3e4e-4bcd-a3d5-22e636b89346",
        "name": "hvigorfile, binding custom plugins []",
        "description": "",
        "type": "log"
      },
      "body": {
        "pid": 173272,
        "tid": "Main Thread",
        "startTime": 346545146362200
      },
      "additional": {
        "logType": "debug",
        "children": []
      }
    },
    {
      "head": {
        "id": "b0869158-45d6-4ad6-b21c-bba0213972d7",
        "name": "hvigorfile, no custom plugins were found in D:\\WorkSpace\\Light_Example\\entry\\hvigorfile.ts",
        "description": "",
        "type": "log"
      },
      "body": {
        "pid": 173272,
        "tid": "Main Thread",
        "startTime": 346545146386300
      },
      "additional": {
        "logType": "debug",
        "children": []
      }
    },
    {
      "head": {
        "id": "53fb68ce-8155-4e86-b1a0-b57aad2a113e",
        "name": "hvigorfile, resolve finished D:\\WorkSpace\\Light_Example\\entry\\hvigorfile.ts",
        "description": "",
        "type": "log"
      },
      "body": {
        "pid": 173272,
        "tid": "Main Thread",
        "startTime": 346545146399800
      },
      "additional": {
        "logType": "debug",
        "children": []
      }
    },
    {
      "head": {
        "id": "59d33046-a972-4594-aea1-a32606cf1756",
        "name": "Start initialize project's product build option map with build mode debug.",
        "description": "",
        "type": "log"
      },
      "body": {
        "pid": 173272,
        "tid": "Main Thread",
        "startTime": 346545146481400
      },
      "additional": {
        "logType": "debug",
        "children": []
      }
    },
    {
      "head": {
        "id": "523dbe29-fc92-4e93-8aeb-a4878f801a32",
        "name": "Picking option from product 'default' with build mode 'debug'.",
        "description": "",
        "type": "log"
      },
      "body": {
        "pid": 173272,
        "tid": "Main Thread",
        "startTime": 346545146509400
      },
      "additional": {
        "logType": "debug",
        "children": []
      }
    },
    {
      "head": {
        "id": "3d04c863-a8e8-4a60-9341-f78c55651191",
        "name": "Product 'default' build option: {}",
        "description": "",
        "type": "log"
      },
      "body": {
        "pid": 173272,
        "tid": "Main Thread",
        "startTime": 346545146570200
      },
      "additional": {
        "logType": "debug",
        "children": []
      }
    },
    {
      "head": {
        "id": "7eeeeca1-8a53-4f69-9e35-aa3e1c0821cb",
        "name": "End initialize project's product build option map with build mode 'debug'.",
        "description": "",
        "type": "log"
      },
      "body": {
        "pid": 173272,
        "tid": "Main Thread",
        "startTime": 346545146584600
      },
      "additional": {
        "logType": "debug",
        "children": []
      }
    },
    {
      "head": {
        "id": "e4180cf1-ddb9-4dcf-95fb-7021d4916bf8",
        "name": "Module Light_Example Collected Dependency: ",
        "description": "",
        "type": "log"
      },
      "body": {
        "pid": 173272,
        "tid": "Main Thread",
        "startTime": 346545147547000
      },
      "additional": {
        "logType": "debug",
        "children": []
      }
    },
    {
      "head": {
        "id": "7b3c349e-f144-4f35-8f7b-ec195612ee31",
        "name": "Module Light_Example's total dependency: 0",
        "description": "",
        "type": "log"
      },
      "body": {
        "pid": 173272,
        "tid": "Main Thread",
        "startTime": 346545147577600
      },
      "additional": {
        "logType": "debug",
        "children": []
      }
    },
    {
      "head": {
        "id": "51f61335-8a1a-4e7b-aa21-20d00dd9b701",
        "name": "Product 'default' using build option: {\n  \"debuggable\": true\n} in this build.",
        "description": "",
        "type": "log"
      },
      "body": {
        "pid": 173272,
        "tid": "Main Thread",
        "startTime": 346545150278600
      },
      "additional": {
        "logType": "debug",
        "children": []
      }
    },
    {
      "head": {
        "id": "a33aae54-e2ef-47a9-84e8-10355e7ee0d6",
        "name": "Sdk init in 4 ms ",
        "description": "",
        "type": "log"
      },
      "body": {
        "pid": 173272,
        "tid": "Main Thread",
        "startTime": 346545172517700
      },
      "additional": {
        "logType": "debug",
        "children": []
      }
    },
    {
      "head": {
        "id": "b3eb3f2b-a1f8-44e4-b774-4a52436076ba",
        "name": "project has submodules:entry",
        "description": "",
        "type": "log"
      },
      "body": {
        "pid": 173272,
        "tid": "Main Thread",
        "startTime": 346545217008400
      },
      "additional": {
        "logType": "debug",
        "children": []
      }
    },
    {
      "head": {
        "id": "0527c28c-e2b7-4e1c-bf28-ec6243786c0b",
        "name": "Project task initialization takes 50 ms ",
        "description": "",
        "type": "log"
      },
      "body": {
        "pid": 173272,
        "tid": "Main Thread",
        "startTime": 346545221941900
      },
      "additional": {
        "logType": "debug",
        "children": []
      }
    },
    {
      "head": {
        "id": "f7390252-4c6b-487c-9f2b-d292912be6cf",
        "name": "Sdk init in 7 ms ",
        "description": "",
        "type": "log"
      },
      "body": {
        "pid": 173272,
        "tid": "Main Thread",
        "startTime": 346545228531600
      },
      "additional": {
        "logType": "debug",
        "children": []
      }
    },
    {
      "head": {
        "id": "f65e569a-3713-467b-9325-147178cf15be",
        "name": "Configuration phase cost:175 ms ",
        "description": "",
        "type": "log"
      },
      "body": {
        "pid": 173272,
        "tid": "Main Thread",
        "startTime": 346545232094900
      },
      "additional": {
        "logType": "debug",
        "children": []
      }
    },
    {
      "head": {
        "id": "3cd8540d-5ee0-4d28-a73e-4725eb702a63",
        "name": "Configuration task cost before running: 185 ms ",
        "description": "",
        "type": "log"
      },
      "body": {
        "pid": 173272,
        "tid": "Main Thread",
        "startTime": 346545233468800
      },
      "additional": {
        "logType": "debug",
        "children": []
      }
    },
    {
      "head": {
        "id": "f6599b22-6ba0-413b-85f9-f8cb14d4b8dc",
        "name": "entry:default@PreBuild",
        "description": "Pre-build in the stage model.",
        "type": "duration"
      },
      "body": {
        "pid": 173272,
        "tid": "Main Thread",
        "startTime": 346545255844800,
        "endTime": 346545268860200
      },
      "additional": {
        "children": [],
        "state": "success",
        "detailId": "cb722701-faaf-447c-9e11-779b80d617a5",
        "logId": "9bfb38de-6765-4961-83b7-79b0b17e40e4"
      },
      "log": {
        "_logger": {
          "category": "DurationEvent",
          "context": {},
          "callStackSkipIndex": 0
        }
      }
    },
    {
      "head": {
        "id": "cb722701-faaf-447c-9e11-779b80d617a5",
        "name": "create entry:default@PreBuild task",
        "description": "",
        "type": "log"
      },
      "body": {
        "pid": 173272,
        "tid": "Main Thread",
        "startTime": 346545236921200
      },
      "additional": {
        "logType": "detail",
        "children": [],
        "durationId": "f6599b22-6ba0-413b-85f9-f8cb14d4b8dc"
      }
    },
    {
      "head": {
        "id": "d2b6e7e4-c699-4e3e-821c-74f147dbf257",
        "name": "entry : default@PreBuild start {\n  rss: 139587584,\n  heapTotal: 86712320,\n  heapUsed: 77387280,\n  external: 1556127,\n  arrayBuffers: 104790\n}",
        "description": "",
        "type": "log"
      },
      "body": {
        "pid": 173272,
        "tid": "Main Thread",
        "startTime": 346545255804900
      },
      "additional": {
        "logType": "debug",
        "children": []
      }
    },
    {
      "head": {
        "id": "ac22b908-404a-40dd-9c0f-be2b52b62eaf",
        "name": "Executing task :entry:default@PreBuild",
        "description": "",
        "type": "log"
      },
      "body": {
        "pid": 173272,
        "tid": "Main Thread",
        "startTime": 346545255865700
      },
      "additional": {
        "logType": "debug",
        "children": []
      }
    },
    {
      "head": {
        "id": "8e9793b8-1f54-4c51-85e3-b1da6cb77f16",
        "name": "Incremental task entry:default@PreBuild pre-execution cost: 11 ms .",
        "description": "",
        "type": "log"
      },
      "body": {
        "pid": 173272,
        "tid": "Main Thread",
        "startTime": 346545268515200
      },
      "additional": {
        "logType": "debug",
        "children": []
      }
    },
    {
      "head": {
        "id": "410eb841-43ac-4c0c-a67f-af2b0bf4bea7",
        "name": "entry : default@PreBuild end {\n  rss: 139866112,\n  heapTotal: 86712320,\n  heapUsed: 77580128,\n  external: 1556127,\n  arrayBuffers: 104790\n}",
        "description": "",
        "type": "log"
      },
      "body": {
        "pid": 173272,
        "tid": "Main Thread",
        "startTime": 346545268681700
      },
      "additional": {
        "logType": "debug",
        "children": []
      }
    },
    {
      "head": {
        "id": "9bfb38de-6765-4961-83b7-79b0b17e40e4",
        "name": "UP-TO-DATE :entry:default@PreBuild",
        "description": "Pre-build in the stage model.",
        "type": "log"
      },
      "body": {
        "pid": 173272,
        "tid": "Main Thread",
        "startTime": 346545255844800,
        "endTime": 346545268860200
      },
      "additional": {
        "logType": "info",
        "children": [],
        "durationId": "f6599b22-6ba0-413b-85f9-f8cb14d4b8dc"
      }
    },
    {
      "head": {
        "id": "aafab8ed-0107-41e4-9674-47ca3d19ccc9",
        "name": "entry:default@CreateBuildProfile",
        "description": "Create the BuildProfile.ets file for the HAP/HSP package.",
        "type": "duration"
      },
      "body": {
        "pid": 173272,
        "tid": "Main Thread",
        "startTime": 346545273861800,
        "endTime": 346545280811900
      },
      "additional": {
        "children": [],
        "state": "success",
        "detailId": "43010600-d27f-49be-9578-9633625c3d8e",
        "logId": "51d7c258-73d6-499f-ac9d-89806ddc3a4d"
      },
      "log": {
        "_logger": {
          "category": "DurationEvent",
          "context": {},
          "callStackSkipIndex": 0
        }
      }
    },
    {
      "head": {
        "id": "43010600-d27f-49be-9578-9633625c3d8e",
        "name": "create entry:default@CreateBuildProfile task",
        "description": "",
        "type": "log"
      },
      "body": {
        "pid": 173272,
        "tid": "Main Thread",
        "startTime": 346545272187300
      },
      "additional": {
        "logType": "detail",
        "children": [],
        "durationId": "aafab8ed-0107-41e4-9674-47ca3d19ccc9"
      }
    },
    {
      "head": {
        "id": "eb7362bd-166d-4a26-aba6-c98b26d3eb93",
        "name": "entry : default@CreateBuildProfile start {\n  rss: 140234752,\n  heapTotal: 86712320,\n  heapUsed: 77800296,\n  external: 1556127,\n  arrayBuffers: 104790\n}",
        "description": "",
        "type": "log"
      },
      "body": {
        "pid": 173272,
        "tid": "Main Thread",
        "startTime": 346545273819100
      },
      "additional": {
        "logType": "debug",
        "children": []
      }
    },
    {
      "head": {
        "id": "39767954-b0d5-4686-914e-ec2380c5c199",
        "name": "Executing task :entry:default@CreateBuildProfile",
        "description": "",
        "type": "log"
      },
      "body": {
        "pid": 173272,
        "tid": "Main Thread",
        "startTime": 346545273889700
      },
      "additional": {
        "logType": "debug",
        "children": []
      }
    },
    {
      "head": {
        "id": "56472677-fa1b-4850-accf-fd75832d1484",
        "name": "Incremental task entry:default@CreateBuildProfile pre-execution cost: 5 ms .",
        "description": "",
        "type": "log"
      },
      "body": {
        "pid": 173272,
        "tid": "Main Thread",
        "startTime": 346545280680300
      },
      "additional": {
        "logType": "debug",
        "children": []
      }
    },
    {
      "head": {
        "id": "fcd4707d-ef05-4ea8-92c9-a61668968bfa",
        "name": "entry : default@CreateBuildProfile end {\n  rss: 140509184,\n  heapTotal: 86712320,\n  heapUsed: 77908696,\n  external: 1564319,\n  arrayBuffers: 112982\n}",
        "description": "",
        "type": "log"
      },
      "body": {
        "pid": 173272,
        "tid": "Main Thread",
        "startTime": 346545280769000
      },
      "additional": {
        "logType": "debug",
        "children": []
      }
    },
    {
      "head": {
        "id": "51d7c258-73d6-499f-ac9d-89806ddc3a4d",
        "name": "UP-TO-DATE :entry:default@CreateBuildProfile",
        "description": "Create the BuildProfile.ets file for the HAP/HSP package.",
        "type": "log"
      },
      "body": {
        "pid": 173272,
        "tid": "Main Thread",
        "startTime": 346545273861800,
        "endTime": 346545280811900
      },
      "additional": {
        "logType": "info",
        "children": [],
        "durationId": "aafab8ed-0107-41e4-9674-47ca3d19ccc9"
      }
    },
    {
      "head": {
        "id": "718447fb-54ae-4c38-8a58-55f230c66891",
        "name": "entry:default@GenerateLoaderJson",
        "description": "Generate loader.json in the stage model.",
        "type": "duration"
      },
      "body": {
        "pid": 173272,
        "tid": "Main Thread",
        "startTime": 346545293133000,
        "endTime": 346545298187700
      },
      "additional": {
        "children": [],
        "state": "success",
        "detailId": "584ab2c2-66a0-4f54-94be-fbbaa2742bae",
        "logId": "55270001-f63c-44cc-b2ca-7ee7934a0def"
      },
      "log": {
        "_logger": {
          "category": "DurationEvent",
          "context": {},
          "callStackSkipIndex": 0
        }
      }
    },
    {
      "head": {
        "id": "584ab2c2-66a0-4f54-94be-fbbaa2742bae",
        "name": "create entry:default@GenerateLoaderJson task",
        "description": "",
        "type": "log"
      },
      "body": {
        "pid": 173272,
        "tid": "Main Thread",
        "startTime": 346545284899500
      },
      "additional": {
        "logType": "detail",
        "children": [],
        "durationId": "718447fb-54ae-4c38-8a58-55f230c66891"
      }
    },
    {
      "head": {
        "id": "ac97e8d0-5959-4c45-a7f8-0031657a54ad",
        "name": "entry : default@GenerateLoaderJson start {\n  rss: 140521472,\n  heapTotal: 86712320,\n  heapUsed: 77526968,\n  external: 1572511,\n  arrayBuffers: 112982\n}",
        "description": "",
        "type": "log"
      },
      "body": {
        "pid": 173272,
        "tid": "Main Thread",
        "startTime": 346545293081200
      },
      "additional": {
        "logType": "debug",
        "children": []
      }
    },
    {
      "head": {
        "id": "67127342-bbbe-48a9-a902-6a9ecd57de44",
        "name": "Executing task :entry:default@GenerateLoaderJson",
        "description": "",
        "type": "log"
      },
      "body": {
        "pid": 173272,
        "tid": "Main Thread",
        "startTime": 346545293170900
      },
      "additional": {
        "logType": "debug",
        "children": []
      }
    },
    {
      "head": {
        "id": "ff65f6a2-6b65-4863-be24-182e84b459dd",
        "name": "Incremental task entry:default@GenerateLoaderJson pre-execution cost: 4 ms .",
        "description": "",
        "type": "log"
      },
      "body": {
        "pid": 173272,
        "tid": "Main Thread",
        "startTime": 346545298005500
      },
      "additional": {
        "logType": "debug",
        "children": []
      }
    },
    {
      "head": {
        "id": "9bad7988-7d42-4ef1-85f3-7570c71e6037",
        "name": "entry : default@GenerateLoaderJson end {\n  rss: 140906496,\n  heapTotal: 86712320,\n  heapUsed: 77721680,\n  external: 1572511,\n  arrayBuffers: 112982\n}",
        "description": "",
        "type": "log"
      },
      "body": {
        "pid": 173272,
        "tid": "Main Thread",
        "startTime": 346545298130900
      },
      "additional": {
        "logType": "debug",
        "children": []
      }
    },
    {
      "head": {
        "id": "55270001-f63c-44cc-b2ca-7ee7934a0def",
        "name": "UP-TO-DATE :entry:default@GenerateLoaderJson",
        "description": "Generate loader.json in the stage model.",
        "type": "log"
      },
      "body": {
        "pid": 173272,
        "tid": "Main Thread",
        "startTime": 346545293133000,
        "endTime": 346545298187700
      },
      "additional": {
        "logType": "info",
        "children": [],
        "durationId": "718447fb-54ae-4c38-8a58-55f230c66891"
      }
    },
    {
      "head": {
        "id": "be807f3c-620d-4807-ba4b-a42e9eceb264",
        "name": "entry:default@MergeProfile",
        "description": "Merge app config manifest files in the stage model.",
        "type": "duration"
      },
      "body": {
        "pid": 173272,
        "tid": "Main Thread",
        "startTime": 346545304410100,
        "endTime": 346545309062800
      },
      "additional": {
        "children": [],
        "state": "success",
        "detailId": "9bec1328-2331-4836-864d-f9ecb06361f9",
        "logId": "89eea62e-2408-4328-94f9-60a283922559"
      },
      "log": {
        "_logger": {
          "category": "DurationEvent",
          "context": {},
          "callStackSkipIndex": 0
        }
      }
    },
    {
      "head": {
        "id": "9bec1328-2331-4836-864d-f9ecb06361f9",
        "name": "create entry:default@MergeProfile task",
        "description": "",
        "type": "log"
      },
      "body": {
        "pid": 173272,
        "tid": "Main Thread",
        "startTime": 346545301592600
      },
      "additional": {
        "logType": "detail",
        "children": [],
        "durationId": "be807f3c-620d-4807-ba4b-a42e9eceb264"
      }
    },
    {
      "head": {
        "id": "537941af-fb92-426b-9f89-229b31c07a55",
        "name": "entry : default@MergeProfile start {\n  rss: 141426688,\n  heapTotal: 86712320,\n  heapUsed: 77976352,\n  external: 1572511,\n  arrayBuffers: 112982\n}",
        "description": "",
        "type": "log"
      },
      "body": {
        "pid": 173272,
        "tid": "Main Thread",
        "startTime": 346545304361000
      },
      "additional": {
        "logType": "debug",
        "children": []
      }
    },
    {
      "head": {
        "id": "aec97128-76a4-4285-b9a2-6f691f26480a",
        "name": "Executing task :entry:default@MergeProfile",
        "description": "",
        "type": "log"
      },
      "body": {
        "pid": 173272,
        "tid": "Main Thread",
        "startTime": 346545304440300
      },
      "additional": {
        "logType": "debug",
        "children": []
      }
    },
    {
      "head": {
        "id": "042bb4a0-63cd-4578-ade2-3057988bafdf",
        "name": "Incremental task entry:default@MergeProfile pre-execution cost: 5 ms .",
        "description": "",
        "type": "log"
      },
      "body": {
        "pid": 173272,
        "tid": "Main Thread",
        "startTime": 346545308860300
      },
      "additional": {
        "logType": "debug",
        "children": []
      }
    },
    {
      "head": {
        "id": "4c961071-6ab0-431b-9e35-1dbeaab22375",
        "name": "entry : default@MergeProfile end {\n  rss: 141602816,\n  heapTotal: 86712320,\n  heapUsed: 78050280,\n  external: 1572511,\n  arrayBuffers: 112982\n}",
        "description": "",
        "type": "log"
      },
      "body": {
        "pid": 173272,
        "tid": "Main Thread",
        "startTime": 346545309000100
      },
      "additional": {
        "logType": "debug",
        "children": []
      }
    },
    {
      "head": {
        "id": "89eea62e-2408-4328-94f9-60a283922559",
        "name": "UP-TO-DATE :entry:default@MergeProfile",
        "description": "Merge app config manifest files in the stage model.",
        "type": "log"
      },
      "body": {
        "pid": 173272,
        "tid": "Main Thread",
        "startTime": 346545304410100,
        "endTime": 346545309062800
      },
      "additional": {
        "logType": "info",
        "children": [],
        "durationId": "be807f3c-620d-4807-ba4b-a42e9eceb264"
      }
    },
    {
      "head": {
        "id": "f4efc8ad-d3f3-43f5-bab1-87759c936293",
        "name": "entry:default@ProcessProfile",
        "description": "Process app config manifest files in the stage model.",
        "type": "duration"
      },
      "body": {
        "pid": 173272,
        "tid": "Main Thread",
        "startTime": 346545316691600,
        "endTime": 346545319035500
      },
      "additional": {
        "children": [],
        "state": "success",
        "detailId": "feaac9a7-b3b1-42ef-8d70-7236378d3500",
        "logId": "21f20473-44ca-4fc7-9024-472788d3258f"
      },
      "log": {
        "_logger": {
          "category": "DurationEvent",
          "context": {},
          "callStackSkipIndex": 0
        }
      }
    },
    {
      "head": {
        "id": "feaac9a7-b3b1-42ef-8d70-7236378d3500",
        "name": "create entry:default@ProcessProfile task",
        "description": "",
        "type": "log"
      },
      "body": {
        "pid": 173272,
        "tid": "Main Thread",
        "startTime": 346545311537200
      },
      "additional": {
        "logType": "detail",
        "children": [],
        "durationId": "f4efc8ad-d3f3-43f5-bab1-87759c936293"
      }
    },
    {
      "head": {
        "id": "51f26cb4-2bd0-470e-8666-b7bf8ea3fa60",
        "name": "entry : default@ProcessProfile start {\n  rss: 142262272,\n  heapTotal: 86712320,\n  heapUsed: 77474296,\n  external: 1580703,\n  arrayBuffers: 112982\n}",
        "description": "",
        "type": "log"
      },
      "body": {
        "pid": 173272,
        "tid": "Main Thread",
        "startTime": 346545316638000
      },
      "additional": {
        "logType": "debug",
        "children": []
      }
    },
    {
      "head": {
        "id": "005656f3-d967-4903-a761-498e7a3d95de",
        "name": "Executing task :entry:default@ProcessProfile",
        "description": "",
        "type": "log"
      },
      "body": {
        "pid": 173272,
        "tid": "Main Thread",
        "startTime": 346545316719100
      },
      "additional": {
        "logType": "debug",
        "children": []
      }
    },
    {
      "head": {
        "id": "d1fc6f83-4d44-47f3-9b2e-24949b7a39fe",
        "name": "Incremental task entry:default@ProcessProfile pre-execution cost: 2 ms .",
        "description": "",
        "type": "log"
      },
      "body": {
        "pid": 173272,
        "tid": "Main Thread",
        "startTime": 346545318865000
      },
      "additional": {
        "logType": "debug",
        "children": []
      }
    },
    {
      "head": {
        "id": "159d5294-c582-4138-af60-de5402de1a00",
        "name": "entry : default@ProcessProfile end {\n  rss: 142409728,\n  heapTotal: 86712320,\n  heapUsed: 77525728,\n  external: 1580703,\n  arrayBuffers: 112982\n}",
        "description": "",
        "type": "log"
      },
      "body": {
        "pid": 173272,
        "tid": "Main Thread",
        "startTime": 346545318986600
      },
      "additional": {
        "logType": "debug",
        "children": []
      }
    },
    {
      "head": {
        "id": "21f20473-44ca-4fc7-9024-472788d3258f",
        "name": "UP-TO-DATE :entry:default@ProcessProfile",
        "description": "Process app config manifest files in the stage model.",
        "type": "log"
      },
      "body": {
        "pid": 173272,
        "tid": "Main Thread",
        "startTime": 346545316691600,
        "endTime": 346545319035500
      },
      "additional": {
        "logType": "info",
        "children": [],
        "durationId": "f4efc8ad-d3f3-43f5-bab1-87759c936293"
      }
    },
    {
      "head": {
        "id": "4dcc224a-1a9b-4d78-8a34-4162e4a63b13",
        "name": "entry:default@PreviewProcessResource",
        "description": "Process preview resources incrementally in the stage model.",
        "type": "duration"
      },
      "body": {
        "pid": 173272,
        "tid": "Main Thread",
        "startTime": 346545327560000,
        "endTime": 346545335631500
      },
      "additional": {
        "children": [],
        "state": "success",
        "detailId": "79c25bf6-af73-4e68-b518-a730c883d5a2",
        "logId": "9070b44e-b8b8-4660-b1a4-977ea57cccf5"
      },
      "log": {
        "_logger": {
          "category": "DurationEvent",
          "context": {},
          "callStackSkipIndex": 0
        }
      }
    },
    {
      "head": {
        "id": "79c25bf6-af73-4e68-b518-a730c883d5a2",
        "name": "create entry:default@PreviewProcessResource task",
        "description": "",
        "type": "log"
      },
      "body": {
        "pid": 173272,
        "tid": "Main Thread",
        "startTime": 346545321026200
      },
      "additional": {
        "logType": "detail",
        "children": [],
        "durationId": "4dcc224a-1a9b-4d78-8a34-4162e4a63b13"
      }
    },
    {
      "head": {
        "id": "812832a4-ab11-40f9-9c92-c2f43348d3e4",
        "name": "restool module names: entry; moduleName=entry, taskName=default@PreviewProcessResource",
        "description": "",
        "type": "log"
      },
      "body": {
        "pid": 173272,
        "tid": "Main Thread",
        "startTime": 346545324271400
      },
      "additional": {
        "logType": "debug",
        "children": []
      }
    },
    {
      "head": {
        "id": "0afef627-e541-4876-8369-2ec698a553ea",
        "name": "entry : default@PreviewProcessResource start {\n  rss: 143237120,\n  heapTotal: 86712320,\n  heapUsed: 77765048,\n  external: 1580703,\n  arrayBuffers: 112982\n}",
        "description": "",
        "type": "log"
      },
      "body": {
        "pid": 173272,
        "tid": "Main Thread",
        "startTime": 346545327522100
      },
      "additional": {
        "logType": "debug",
        "children": []
      }
    },
    {
      "head": {
        "id": "ef7b47a6-d602-4dcd-87de-79b9936f5b8f",
        "name": "Executing task :entry:default@PreviewProcessResource",
        "description": "",
        "type": "log"
      },
      "body": {
        "pid": 173272,
        "tid": "Main Thread",
        "startTime": 346545331294000
      },
      "additional": {
        "logType": "debug",
        "children": []
      }
    },
    {
      "head": {
        "id": "5e3c2026-f681-4f8a-b67c-2aaf09de147b",
        "name": "entry:default@PreviewProcessResource is not up-to-date, since the output file '{\"commandList\":[\"C:\\\\Users\\\\k50038792\\\\AppData\\\\Local\\\\OpenHarmony\\\\Sdk\\\\11\\\\toolchains\\\\restool.exe\",\"-m\",\"entry\",\"-f\",\"-j\",\"D:\\\\WorkSpace\\\\Light_Example\\\\entry\\\\.preview\\\\default\\\\intermediates\\\\process_profile\\\\default\\\\module.json\",\"-p\",\"com.example.light_example\",\"-o\",\"D:\\\\WorkSpace\\\\Light_Example\\\\entry\\\\.preview\\\\default\\\\intermediates\\\\res\\\\default\",\"-r\",\"D:\\\\WorkSpace\\\\Light_Example\\\\entry\\\\.preview\\\\default\\\\generated\\\\r\\\\default\\\\ResourceTable.h\"],\"inputFiles\":{\"_group\":{}},\"outputFiles\":{\"_group\":{}},\"existsResourceDir\":true,\"restoolLinkParamObj\":{\"appScopeResources\":\"D:\\\\WorkSpace\\\\Light_Example\\\\AppScope\\\\resources\",\"moduleResourcesMap\":{},\"harResourcesMap\":{},\"outputPath\":\"D:\\\\WorkSpace\\\\Light_Example\\\\entry\\\\.preview\\\\default\\\\intermediates\\\\res\\\\default\",\"linkCommand\":[\"C:\\\\Users\\\\k50038792\\\\AppData\\\\Local\\\\OpenHarmony\\\\Sdk\\\\11\\\\toolchains\\\\restool.exe\",\"-m\",\"entry\",\"-f\",\"-j\",\"D:\\\\WorkSpace\\\\Light_Example\\\\entry\\\\.preview\\\\default\\\\intermediates\\\\process_profile\\\\default\\\\module.json\",\"-p\",\"com.example.light_example\",\"-r\",\"D:\\\\WorkSpace\\\\Light_Example\\\\entry\\\\.preview\\\\default\\\\generated\\\\r\\\\default\\\\ResourceTable.h\",\"-z\",\"--ids\",\"D:\\\\WorkSpace\\\\Light_Example\\\\entry\\\\.preview\\\\default\\\\intermediates\\\\res\\\\default\\\\ids_map\",\"--defined-ids\",\"D:\\\\WorkSpace\\\\Light_Example\\\\entry\\\\.preview\\\\default\\\\intermediates\\\\res\\\\default\\\\ids_map\\\\id_defined.json\"],\"idsMapPath\":\"D:\\\\WorkSpace\\\\Light_Example\\\\entry\\\\.preview\\\\default\\\\intermediates\\\\res\\\\default\\\\ids_map\"}}' does not exist.",
        "description": "",
        "type": "log"
      },
      "body": {
        "pid": 173272,
        "tid": "Main Thread",
        "startTime": 346545331718700
      },
      "additional": {
        "logType": "debug",
        "children": []
      }
    },
    {
      "head": {
        "id": "3ea1b5a1-d899-47e3-a2c0-3f696e97def1",
        "name": "Incremental task entry:default@PreviewProcessResource pre-execution cost: 1 ms .",
        "description": "",
        "type": "log"
      },
      "body": {
        "pid": 173272,
        "tid": "Main Thread",
        "startTime": 346545331796400
      },
      "additional": {
        "logType": "debug",
        "children": []
      }
    },
    {
      "head": {
        "id": "a3939f61-a43c-4599-9095-34b99bebc823",
        "name": "entry : default@PreviewProcessResource end {\n  rss: 143577088,\n  heapTotal: 86712320,\n  heapUsed: 77883456,\n  external: 1588895,\n  arrayBuffers: 121174\n}",
        "description": "",
        "type": "log"
      },
      "body": {
        "pid": 173272,
        "tid": "Main Thread",
        "startTime": 346545331944200
      },
      "additional": {
        "logType": "debug",
        "children": []
      }
    },
    {
      "head": {
        "id": "9070b44e-b8b8-4660-b1a4-977ea57cccf5",
        "name": "Finished :entry:default@PreviewProcessResource",
        "description": "Process preview resources incrementally in the stage model.",
        "type": "log"
      },
      "body": {
        "pid": 173272,
        "tid": "Main Thread",
        "startTime": 346545327560000,
        "endTime": 346545335631500
      },
      "additional": {
        "logType": "info",
        "children": [],
        "durationId": "4dcc224a-1a9b-4d78-8a34-4162e4a63b13"
      }
    },
    {
      "head": {
        "id": "1be988f4-58d8-4656-b2a2-0d4c21ffc386",
        "name": "entry:default@PreviewCompileResource",
        "description": "Use Preview to compile project resources in the stage model.",
        "type": "duration"
      },
      "body": {
        "pid": 173272,
        "tid": "Main Thread",
        "startTime": 346545346842800,
        "endTime": 346545368827100
      },
      "additional": {
        "children": [],
        "state": "success",
        "detailId": "4ac7da3b-7197-4988-9ff0-53b00b2dbcb4",
        "logId": "59d3ad5a-ff8c-4547-a1e5-3b6b7cd6725d"
      },
      "log": {
        "_logger": {
          "category": "DurationEvent",
          "context": {},
          "callStackSkipIndex": 0
        }
      }
    },
    {
      "head": {
        "id": "4ac7da3b-7197-4988-9ff0-53b00b2dbcb4",
        "name": "create entry:default@PreviewCompileResource task",
        "description": "",
        "type": "log"
      },
      "body": {
        "pid": 173272,
        "tid": "Main Thread",
        "startTime": 346545341490600
      },
      "additional": {
        "logType": "detail",
        "children": [],
        "durationId": "1be988f4-58d8-4656-b2a2-0d4c21ffc386"
      }
    },
    {
      "head": {
        "id": "34d99d16-5f81-4aef-b992-7b991fb8603c",
        "name": "restool module names: entry; moduleName=entry, taskName=default@PreviewCompileResource",
        "description": "",
        "type": "log"
      },
      "body": {
        "pid": 173272,
        "tid": "Main Thread",
        "startTime": 346545344387800
      },
      "additional": {
        "logType": "debug",
        "children": []
      }
    },
    {
      "head": {
        "id": "3c8e56f8-0006-432b-8232-6dec9256a05b",
        "name": "entry : default@PreviewCompileResource start {\n  rss: 144965632,\n  heapTotal: 86712320,\n  heapUsed: 78347152,\n  external: 1597087,\n  arrayBuffers: 129366\n}",
        "description": "",
        "type": "log"
      },
      "body": {
        "pid": 173272,
        "tid": "Main Thread",
        "startTime": 346545346803500
      },
      "additional": {
        "logType": "debug",
        "children": []
      }
    },
    {
      "head": {
        "id": "0f6a3d8b-7724-458e-9903-33cca4db03d5",
        "name": "Executing task :entry:default@PreviewCompileResource",
        "description": "",
        "type": "log"
      },
      "body": {
        "pid": 173272,
        "tid": "Main Thread",
        "startTime": 346545347845400
      },
      "additional": {
        "logType": "debug",
        "children": []
      }
    },
    {
      "head": {
        "id": "e2298fc6-e56f-4049-b047-f0439c6c8ca0",
        "name": "runTaskFromQueue task cost before running: 301 ms ",
        "description": "",
        "type": "log"
      },
      "body": {
        "pid": 173272,
        "tid": "Main Thread",
        "startTime": 346545349451600
      },
      "additional": {
        "logType": "debug",
        "children": []
      }
    },
    {
      "head": {
        "id": "1cbde2f5-c5ba-43a0-83f0-22c7280886b0",
        "name": "Incremental task entry:default@PreviewCompileResource pre-execution cost: 20 ms .",
        "description": "",
        "type": "log"
      },
      "body": {
        "pid": 173272,
        "tid": "Main Thread",
        "startTime": 346545368601300
      },
      "additional": {
        "logType": "debug",
        "children": []
      }
    },
    {
      "head": {
        "id": "5e7464b2-c07e-42b2-97c3-dec3d4ac3d6c",
        "name": "entry : default@PreviewCompileResource end {\n  rss: 144760832,\n  heapTotal: 86712320,\n  heapUsed: 78047032,\n  external: 1605279,\n  arrayBuffers: 112982\n}",
        "description": "",
        "type": "log"
      },
      "body": {
        "pid": 173272,
        "tid": "Main Thread",
        "startTime": 346545368705700
      },
      "additional": {
        "logType": "debug",
        "children": []
      }
    },
    {
      "head": {
        "id": "59d3ad5a-ff8c-4547-a1e5-3b6b7cd6725d",
        "name": "UP-TO-DATE :entry:default@PreviewCompileResource",
        "description": "Use Preview to compile project resources in the stage model.",
        "type": "log"
      },
      "body": {
        "pid": 173272,
        "tid": "Main Thread",
        "startTime": 346545346842800,
        "endTime": 346545368827100
      },
      "additional": {
        "logType": "info",
        "children": [],
        "durationId": "1be988f4-58d8-4656-b2a2-0d4c21ffc386"
      }
    },
    {
      "head": {
        "id": "880f3ab2-c8dd-4483-a0b2-904104a3fc6b",
        "name": "entry:default@PreviewHookCompileResource",
        "description": "Add a hook task for compiling preview resources.",
        "type": "duration"
      },
      "body": {
        "pid": 173272,
        "tid": "Main Thread",
        "startTime": 346545372593200,
        "endTime": 346545372704900
      },
      "additional": {
        "children": [],
        "state": "success",
        "detailId": "69c7179d-5357-4f7f-8885-16e3da3fdf2f",
        "logId": "03176107-a08b-494c-bc21-0fef32e0e714"
      },
      "log": {
        "_logger": {
          "category": "DurationEvent",
          "context": {},
          "callStackSkipIndex": 0
        }
      }
    },
    {
      "head": {
        "id": "69c7179d-5357-4f7f-8885-16e3da3fdf2f",
        "name": "create entry:default@PreviewHookCompileResource task",
        "description": "",
        "type": "log"
      },
      "body": {
        "pid": 173272,
        "tid": "Main Thread",
        "startTime": 346545372263300
      },
      "additional": {
        "logType": "detail",
        "children": [],
        "durationId": "880f3ab2-c8dd-4483-a0b2-904104a3fc6b"
      }
    },
    {
      "head": {
        "id": "3038a5ff-e563-4325-aa82-990dcc722bb4",
        "name": "entry : default@PreviewHookCompileResource start {\n  rss: 145186816,\n  heapTotal: 86712320,\n  heapUsed: 78205840,\n  external: 1605279,\n  arrayBuffers: 112982\n}",
        "description": "",
        "type": "log"
      },
      "body": {
        "pid": 173272,
        "tid": "Main Thread",
        "startTime": 346545372571800
      },
      "additional": {
        "logType": "debug",
        "children": []
      }
    },
    {
      "head": {
        "id": "5d4c64db-21cc-4879-889c-9369a06aa24f",
        "name": "Executing task :entry:default@PreviewHookCompileResource",
        "description": "",
        "type": "log"
      },
      "body": {
        "pid": 173272,
        "tid": "Main Thread",
        "startTime": 346545372608500
      },
      "additional": {
        "logType": "debug",
        "children": []
      }
    },
    {
      "head": {
        "id": "31487619-e911-49d1-93e3-7205d340a49c",
        "name": "entry : default@PreviewHookCompileResource end {\n  rss: 145203200,\n  heapTotal: 86712320,\n  heapUsed: 78216128,\n  external: 1605279,\n  arrayBuffers: 112982\n}",
        "description": "",
        "type": "log"
      },
      "body": {
        "pid": 173272,
        "tid": "Main Thread",
        "startTime": 346545372684800
      },
      "additional": {
        "logType": "debug",
        "children": []
      }
    },
    {
      "head": {
        "id": "03176107-a08b-494c-bc21-0fef32e0e714",
        "name": "Finished :entry:default@PreviewHookCompileResource",
        "description": "Add a hook task for compiling preview resources.",
        "type": "log"
      },
      "body": {
        "pid": 173272,
        "tid": "Main Thread",
        "startTime": 346545372593200,
        "endTime": 346545372704900
      },
      "additional": {
        "logType": "info",
        "children": [],
        "durationId": "880f3ab2-c8dd-4483-a0b2-904104a3fc6b"
      }
    },
    {
      "head": {
        "id": "9a6e6383-c1d6-448d-9d57-29125ccd18e8",
        "name": "entry:default@ReplacePreviewerPage",
        "description": "Accept previewer arguments, then use them to replace the ones in the page file.",
        "type": "duration"
      },
      "body": {
        "pid": 173272,
        "tid": "Main Thread",
        "startTime": 346545375378000,
        "endTime": 346545396624900
      },
      "additional": {
        "children": [],
        "state": "success",
        "detailId": "dcdd258b-405a-4963-b802-facf36de4ee0",
        "logId": "a040174e-e14e-40e7-84e4-2cd0263d16f2"
      },
      "log": {
        "_logger": {
          "category": "DurationEvent",
          "context": {},
          "callStackSkipIndex": 0
        }
      }
    },
    {
      "head": {
        "id": "dcdd258b-405a-4963-b802-facf36de4ee0",
        "name": "create entry:default@ReplacePreviewerPage task",
        "description": "",
        "type": "log"
      },
      "body": {
        "pid": 173272,
        "tid": "Main Thread",
        "startTime": 346545374253200
      },
      "additional": {
        "logType": "detail",
        "children": [],
        "durationId": "9a6e6383-c1d6-448d-9d57-29125ccd18e8"
      }
    },
    {
      "head": {
        "id": "f4599bc3-a09a-4c45-9166-7e95b66febb5",
        "name": "entry : default@ReplacePreviewerPage start {\n  rss: 145514496,\n  heapTotal: 86712320,\n  heapUsed: 78426248,\n  external: 1605279,\n  arrayBuffers: 112982\n}",
        "description": "",
        "type": "log"
      },
      "body": {
        "pid": 173272,
        "tid": "Main Thread",
        "startTime": 346545375352200
      },
      "additional": {
        "logType": "debug",
        "children": []
      }
    },
    {
      "head": {
        "id": "67a9b0ad-655f-4afa-af39-d282876ce6b6",
        "name": "Executing task :entry:default@ReplacePreviewerPage",
        "description": "",
        "type": "log"
      },
      "body": {
        "pid": 173272,
        "tid": "Main Thread",
        "startTime": 346545375398100
      },
      "additional": {
        "logType": "debug",
        "children": []
      }
    },
    {
      "head": {
        "id": "e1b45c10-acf2-448c-ab31-d8c7f6ec9da4",
        "name": "runTaskFromQueue task cost before running: 327 ms ",
        "description": "",
        "type": "log"
      },
      "body": {
        "pid": 173272,
        "tid": "Main Thread",
        "startTime": 346545375491100
      },
      "additional": {
        "logType": "debug",
        "children": []
      }
    },
    {
      "head": {
        "id": "3d306a41-a3e8-4062-9a14-8485f65873df",
        "name": "Resolved file D:\\WorkSpace\\Light_Example\\entry\\.preview\\default\\intermediates\\res\\default\\resources\\base\\profile\\main_pages.json.",
        "description": "",
        "type": "log"
      },
      "body": {
        "pid": 173272,
        "tid": "Main Thread",
        "startTime": 346545395850300
      },
      "additional": {
        "logType": "debug",
        "children": []
      }
    },
    {
      "head": {
        "id": "f7b4c02a-427b-4412-8f52-9eb43a401e0e",
        "name": "Replace page to pages/solution/Light",
        "description": "",
        "type": "log"
      },
      "body": {
        "pid": 173272,
        "tid": "Main Thread",
        "startTime": 346545395882700
      },
      "additional": {
        "logType": "debug",
        "children": []
      }
    },
    {
      "head": {
        "id": "2580517f-d9b3-4ac6-ade6-bf9174684d3c",
        "name": "entry : default@ReplacePreviewerPage end {\n  rss: 146853888,\n  heapTotal: 86712320,\n  heapUsed: 77858408,\n  external: 1613471,\n  arrayBuffers: 112982\n}",
        "description": "",
        "type": "log"
      },
      "body": {
        "pid": 173272,
        "tid": "Main Thread",
        "startTime": 346545396583800
      },
      "additional": {
        "logType": "debug",
        "children": []
      }
    },
    {
      "head": {
        "id": "a040174e-e14e-40e7-84e4-2cd0263d16f2",
        "name": "Finished :entry:default@ReplacePreviewerPage",
        "description": "Accept previewer arguments, then use them to replace the ones in the page file.",
        "type": "log"
      },
      "body": {
        "pid": 173272,
        "tid": "Main Thread",
        "startTime": 346545375378000,
        "endTime": 346545396624900
      },
      "additional": {
        "logType": "info",
        "children": [],
        "durationId": "9a6e6383-c1d6-448d-9d57-29125ccd18e8"
      }
    },
    {
      "head": {
        "id": "cafc09fc-2557-4134-820b-177f07bb71db",
        "name": "entry:buildPreviewerResource",
        "description": "Build the preview resources.",
        "type": "duration"
      },
      "body": {
        "pid": 173272,
        "tid": "Main Thread",
        "startTime": 346545398197000,
        "endTime": 346545398323200
      },
      "additional": {
        "children": [],
        "state": "success",
        "detailId": "c76a9a40-38ce-47b3-b61c-11c0343b0af8",
        "logId": "a52a653b-b374-4e43-a1dd-39a4a0cf1d60"
      },
      "log": {
        "_logger": {
          "category": "DurationEvent",
          "context": {},
          "callStackSkipIndex": 0
        }
      }
    },
    {
      "head": {
        "id": "c76a9a40-38ce-47b3-b61c-11c0343b0af8",
        "name": "create entry:buildPreviewerResource task",
        "description": "",
        "type": "log"
      },
      "body": {
        "pid": 173272,
        "tid": "Main Thread",
        "startTime": 346545398078800
      },
      "additional": {
        "logType": "detail",
        "children": [],
        "durationId": "cafc09fc-2557-4134-820b-177f07bb71db"
      }
    },
    {
      "head": {
        "id": "53a1a482-2d48-4e1a-9b81-1bdf45c10512",
        "name": "entry : buildPreviewerResource start {\n  rss: 147124224,\n  heapTotal: 86712320,\n  heapUsed: 78004912,\n  external: 1613471,\n  arrayBuffers: 112982\n}",
        "description": "",
        "type": "log"
      },
      "body": {
        "pid": 173272,
        "tid": "Main Thread",
        "startTime": 346545398173400
      },
      "additional": {
        "logType": "debug",
        "children": []
      }
    },
    {
      "head": {
        "id": "d774d931-0102-41b0-a808-212840876451",
        "name": "Executing task :entry:buildPreviewerResource",
        "description": "",
        "type": "log"
      },
      "body": {
        "pid": 173272,
        "tid": "Main Thread",
        "startTime": 346545398209900
      },
      "additional": {
        "logType": "debug",
        "children": []
      }
    },
    {
      "head": {
        "id": "63f3b1ec-f61a-457b-a718-bc2bb6242eb5",
        "name": "runTaskFromQueue task cost before running: 350 ms ",
        "description": "",
        "type": "log"
      },
      "body": {
        "pid": 173272,
        "tid": "Main Thread",
        "startTime": 346545398270500
      },
      "additional": {
        "logType": "debug",
        "children": []
      }
    },
    {
      "head": {
        "id": "69225a9c-be57-412a-ba95-d889aea90cdd",
        "name": "entry : buildPreviewerResource end {\n  rss: 147148800,\n  heapTotal: 86712320,\n  heapUsed: 78016624,\n  external: 1613471,\n  arrayBuffers: 112982\n}",
        "description": "",
        "type": "log"
      },
      "body": {
        "pid": 173272,
        "tid": "Main Thread",
        "startTime": 346545398308800
      },
      "additional": {
        "logType": "debug",
        "children": []
      }
    },
    {
      "head": {
        "id": "a52a653b-b374-4e43-a1dd-39a4a0cf1d60",
        "name": "Finished :entry:buildPreviewerResource",
        "description": "Build the preview resources.",
        "type": "log"
      },
      "body": {
        "pid": 173272,
        "tid": "Main Thread",
        "startTime": 346545398197000,
        "endTime": 346545398323200
      },
      "additional": {
        "logType": "info",
        "children": [],
        "durationId": "cafc09fc-2557-4134-820b-177f07bb71db"
      }
    },
    {
      "head": {
        "id": "7d3b035a-c485-43e8-b4c2-75226083c646",
        "name": "entry:default@PreviewUpdateAssets",
        "description": "Update main_pages.json and module.json before PreviewBuild.",
        "type": "duration"
      },
      "body": {
        "pid": 173272,
        "tid": "Main Thread",
        "startTime": 346545401038100,
        "endTime": 346545406322700
      },
      "additional": {
        "children": [],
        "state": "success",
        "detailId": "3cdf2d35-2aad-4849-b081-a7ec6a564088",
        "logId": "fa251a2c-5916-479f-a544-13ea48bcb812"
      },
      "log": {
        "_logger": {
          "category": "DurationEvent",
          "context": {},
          "callStackSkipIndex": 0
        }
      }
    },
    {
      "head": {
        "id": "3cdf2d35-2aad-4849-b081-a7ec6a564088",
        "name": "create entry:default@PreviewUpdateAssets task",
        "description": "",
        "type": "log"
      },
      "body": {
        "pid": 173272,
        "tid": "Main Thread",
        "startTime": 346545399584300
      },
      "additional": {
        "logType": "detail",
        "children": [],
        "durationId": "7d3b035a-c485-43e8-b4c2-75226083c646"
      }
    },
    {
      "head": {
        "id": "b6921d0b-ae16-465b-83ef-ac4790acbf47",
        "name": "entry : default@PreviewUpdateAssets start {\n  rss: 147488768,\n  heapTotal: 86712320,\n  heapUsed: 78224032,\n  external: 1613471,\n  arrayBuffers: 112982\n}",
        "description": "",
        "type": "log"
      },
      "body": {
        "pid": 173272,
        "tid": "Main Thread",
        "startTime": 346545400993100
      },
      "additional": {
        "logType": "debug",
        "children": []
      }
    },
    {
      "head": {
        "id": "4467fd9a-8c22-49fb-b3f8-5631b8dc864b",
        "name": "Executing task :entry:default@PreviewUpdateAssets",
        "description": "",
        "type": "log"
      },
      "body": {
        "pid": 173272,
        "tid": "Main Thread",
        "startTime": 346545401069000
      },
      "additional": {
        "logType": "debug",
        "children": []
      }
    },
    {
      "head": {
        "id": "61e8c507-e189-4f61-9172-1eb08997c21a",
        "name": "runTaskFromQueue task cost before running: 354 ms ",
        "description": "",
        "type": "log"
      },
      "body": {
        "pid": 173272,
        "tid": "Main Thread",
        "startTime": 346545401967000
      },
      "additional": {
        "logType": "debug",
        "children": []
      }
    },
    {
      "head": {
        "id": "65ced890-b3b8-4867-8b4d-520b2279677d",
        "name": "entry:default@PreviewUpdateAssets is not up-to-date, since the input file 'D:\\WorkSpace\\Light_Example\\entry\\.preview\\config\\buildConfig.json' has been changed.",
        "description": "",
        "type": "log"
      },
      "body": {
        "pid": 173272,
        "tid": "Main Thread",
        "startTime": 346545403121800
      },
      "additional": {
        "logType": "debug",
        "children": []
      }
    },
    {
      "head": {
        "id": "6cf9056e-c2af-4562-bc4c-1b8706360e38",
        "name": "Incremental task entry:default@PreviewUpdateAssets pre-execution cost: 2 ms .",
        "description": "",
        "type": "log"
      },
      "body": {
        "pid": 173272,
        "tid": "Main Thread",
        "startTime": 346545403197900
      },
      "additional": {
        "logType": "debug",
        "children": []
      }
    },
    {
      "head": {
        "id": "3314ed1c-f5b8-4988-8818-0d6134eb29d9",
        "name": "entry : default@PreviewUpdateAssets end {\n  rss: 147881984,\n  heapTotal: 86712320,\n  heapUsed: 78327288,\n  external: 1621663,\n  arrayBuffers: 121174\n}",
        "description": "",
        "type": "log"
      },
      "body": {
        "pid": 173272,
        "tid": "Main Thread",
        "startTime": 346545406275000
      },
      "additional": {
        "logType": "debug",
        "children": []
      }
    },
    {
      "head": {
        "id": "fa251a2c-5916-479f-a544-13ea48bcb812",
        "name": "Finished :entry:default@PreviewUpdateAssets",
        "description": "Update main_pages.json and module.json before PreviewBuild.",
        "type": "log"
      },
      "body": {
        "pid": 173272,
        "tid": "Main Thread",
        "startTime": 346545401038100,
        "endTime": 346545406322700
      },
      "additional": {
        "logType": "info",
        "children": [],
        "durationId": "7d3b035a-c485-43e8-b4c2-75226083c646"
      }
    },
    {
      "head": {
        "id": "6605bbbd-441c-4b0e-925d-8d177f3acdf7",
        "name": "entry:default@PreviewArkTS",
        "description": "Compile ArkTS components on preview in the stage model.",
        "type": "duration"
      },
      "body": {
        "pid": 173272,
        "tid": "Main Thread",
        "startTime": 346545422893800,
        "endTime": 346567765679200
      },
      "additional": {
        "children": [
          "3d335d7f-41d6-45f9-bbc9-81f0ff3f3832"
        ],
        "state": "success",
        "detailId": "6eb10a6d-959e-4c10-83c0-541fbf130ebe",
        "logId": "292efe38-a997-4898-8498-68f6f5416ea4"
      },
      "log": {
        "_logger": {
          "category": "DurationEvent",
          "context": {},
          "callStackSkipIndex": 0
        }
      }
    },
    {
      "head": {
        "id": "6eb10a6d-959e-4c10-83c0-541fbf130ebe",
        "name": "create entry:default@PreviewArkTS task",
        "description": "",
        "type": "log"
      },
      "body": {
        "pid": 173272,
        "tid": "Main Thread",
        "startTime": 346545408841000
      },
      "additional": {
        "logType": "detail",
        "children": [],
        "durationId": "6605bbbd-441c-4b0e-925d-8d177f3acdf7"
      }
    },
    {
      "head": {
        "id": "2dd1f9bb-5b08-47e6-bbf4-2741051b4377",
        "name": "entry : default@PreviewArkTS start {\n  rss: 148455424,\n  heapTotal: 86712320,\n  heapUsed: 77916616,\n  external: 1629855,\n  arrayBuffers: 104790\n}",
        "description": "",
        "type": "log"
      },
      "body": {
        "pid": 173272,
        "tid": "Main Thread",
        "startTime": 346545422852100
      },
      "additional": {
        "logType": "debug",
        "children": []
      }
    },
    {
      "head": {
        "id": "57d374a3-1c16-4b5a-96d0-70b156a0adfb",
        "name": "Executing task :entry:default@PreviewArkTS",
        "description": "",
        "type": "log"
      },
      "body": {
        "pid": 173272,
        "tid": "Main Thread",
        "startTime": 346545422912100
      },
      "additional": {
        "logType": "debug",
        "children": []
      }
    },
    {
      "head": {
        "id": "d544cb75-5469-4322-9ba5-091583e53c05",
        "name": "Obfuscation config only effect in release mode.",
        "description": "",
        "type": "log"
      },
      "body": {
        "pid": 173272,
        "tid": "Main Thread",
        "startTime": 346545430799700
      },
      "additional": {
        "logType": "debug",
        "children": []
      }
    },
    {
      "head": {
        "id": "37a2591a-fdbd-4661-a9e3-ae53026f822f",
        "name": "runTaskFromQueue task cost before running: 383 ms ",
        "description": "",
        "type": "log"
      },
      "body": {
        "pid": 173272,
        "tid": "Main Thread",
        "startTime": 346545430856500
      },
      "additional": {
        "logType": "debug",
        "children": []
      }
    },
    {
      "head": {
        "id": "c2dd3506-3433-4239-b384-2c8eb9f03dc5",
        "name": "entry:default@PreviewArkTS is not up-to-date, since the input file 'D:\\WorkSpace\\Light_Example\\entry\\.preview\\default\\intermediates\\res\\default\\resources\\base\\profile' has been changed.",
        "description": "",
        "type": "log"
      },
      "body": {
        "pid": 173272,
        "tid": "Main Thread",
        "startTime": 346545447680300
      },
      "additional": {
        "logType": "debug",
        "children": []
      }
    },
    {
      "head": {
        "id": "be22135e-40b5-4bc5-8591-3290b8971ba2",
        "name": "Incremental task entry:default@PreviewArkTS pre-execution cost: 17 ms .",
        "description": "",
        "type": "log"
      },
      "body": {
        "pid": 173272,
        "tid": "Main Thread",
        "startTime": 346545447770200
      },
      "additional": {
        "logType": "debug",
        "children": []
      }
    },
    {
      "head": {
        "id": "3d335d7f-41d6-45f9-bbc9-81f0ff3f3832",
        "name": "entry:default@PreviewArkTS",
        "description": "Compile ArkTS components on preview in the stage model.",
        "type": "duration"
      },
      "body": {
        "pid": 173272,
        "tid": "Worker1",
        "startTime": 346545456140800,
        "endTime": 346567761643300
      },
      "additional": {
        "children": [
          "5cfe5d2c-346b-4198-9e4e-1238cdb482bc",
          "ced33837-1474-4db9-a42e-49f69e178526",
          "1d5d3b72-c48d-48ee-9cad-cc18b600550e"
        ],
        "state": "success",
        "parent": "6605bbbd-441c-4b0e-925d-8d177f3acdf7",
        "logId": "62d36306-da21-4a7c-b446-b015f592de71"
      },
      "log": {
        "_logger": {
          "category": "DurationEvent",
          "context": {},
          "callStackSkipIndex": 0
        }
      }
    },
    {
      "head": {
        "id": "fb79af4f-6939-4e01-8c83-d7327c520887",
        "name": "entry : default@PreviewArkTS end {\n  rss: 149573632,\n  heapTotal: 86712320,\n  heapUsed: 78643976,\n  external: 1646239,\n  arrayBuffers: 121174\n}",
        "description": "",
        "type": "log"
      },
      "body": {
        "pid": 173272,
        "tid": "Main Thread",
        "startTime": 346545456284800
      },
      "additional": {
        "logType": "debug",
        "children": []
      }
    },
    {
      "head": {
        "id": "5a807c0a-a24d-454f-9440-2b3587c29c2a",
        "name": "hvigor daemon: Check daemon process existed in registry, daemonStatus=busy.",
        "description": "",
        "type": "log"
      },
      "body": {
        "pid": 173272,
        "tid": "Main Thread",
        "startTime": 346550598338300
      },
      "additional": {
        "logType": "debug",
        "children": []
      }
    },
    {
      "head": {
        "id": "62d36306-da21-4a7c-b446-b015f592de71",
        "name": "entry:default@PreviewArkTS",
        "description": "",
        "type": "log"
      },
      "body": {
        "pid": 173272,
        "tid": "Worker1",
        "startTime": 346545456140800,
        "endTime": 346567761643300
      },
      "additional": {
        "logType": "info",
        "children": [
          "5cb866d9-75ef-46e5-be04-bf1d51a85c8d",
          "08e5740d-7fdd-46ae-bd6e-a00127020d13",
          "0e1682fd-3f1f-424c-9cb6-54090e7f818d"
        ],
        "durationId": "3d335d7f-41d6-45f9-bbc9-81f0ff3f3832",
        "parent": "292efe38-a997-4898-8498-68f6f5416ea4"
      }
    },
    {
      "head": {
        "id": "1d5d3b72-c48d-48ee-9cad-cc18b600550e",
        "name": "compile ArkTS with rollup",
        "description": "",
        "type": "duration"
      },
      "body": {
        "pid": 173272,
        "tid": "Worker1",
        "startTime": 346550808599300,
        "endTime": 346567752087800
      },
      "additional": {
        "children": [],
        "state": "success",
        "totalTime": 0,
        "frequency": 0,
        "fromHook": false,
        "parent": "3d335d7f-41d6-45f9-bbc9-81f0ff3f3832",
        "logId": "0e1682fd-3f1f-424c-9cb6-54090e7f818d"
      },
      "log": {
        "_logger": {
          "category": "DurationEvent",
          "context": {},
          "callStackSkipIndex": 0
        }
      }
    },
    {
      "head": {
        "id": "5cb866d9-75ef-46e5-be04-bf1d51a85c8d",
        "name": "generate config",
        "description": "",
        "type": "log"
      },
      "body": {
        "pid": 173272,
        "tid": "Main Thread",
        "startTime": 346548655112800,
        "endTime": 346550786922900
      },
      "additional": {
        "logType": "info",
        "children": [],
        "durationId": "5cfe5d2c-346b-4198-9e4e-1238cdb482bc",
        "parent": "62d36306-da21-4a7c-b446-b015f592de71"
      }
    },
    {
      "head": {
        "id": "5cfe5d2c-346b-4198-9e4e-1238cdb482bc",
        "name": "generate config",
        "description": "",
        "type": "duration"
      },
      "body": {
        "pid": 173272,
        "tid": "Worker1",
        "startTime": 346548655112800,
        "endTime": 346550786922900
      },
      "additional": {
        "children": [],
        "state": "success",
        "totalTime": 0,
        "frequency": 0,
        "fromHook": false,
        "parent": "3d335d7f-41d6-45f9-bbc9-81f0ff3f3832",
        "logId": "5cb866d9-75ef-46e5-be04-bf1d51a85c8d"
      },
      "log": {
        "_logger": {
          "category": "DurationEvent",
          "context": {},
          "callStackSkipIndex": 0
        }
      }
    },
    {
      "head": {
        "id": "08e5740d-7fdd-46ae-bd6e-a00127020d13",
        "name": "read cache",
        "description": "",
        "type": "log"
      },
      "body": {
        "pid": 173272,
        "tid": "Main Thread",
        "startTime": 346550787294300,
        "endTime": 346550808476600
      },
      "additional": {
        "logType": "info",
        "children": [],
        "durationId": "ced33837-1474-4db9-a42e-49f69e178526",
        "parent": "62d36306-da21-4a7c-b446-b015f592de71"
      }
    },
    {
      "head": {
        "id": "ced33837-1474-4db9-a42e-49f69e178526",
        "name": "read cache",
        "description": "",
        "type": "duration"
      },
      "body": {
        "pid": 173272,
        "tid": "Worker1",
        "startTime": 346550787294300,
        "endTime": 346550808476600
      },
      "additional": {
        "children": [],
        "state": "success",
        "totalTime": 0,
        "frequency": 0,
        "fromHook": false,
        "parent": "3d335d7f-41d6-45f9-bbc9-81f0ff3f3832",
        "logId": "08e5740d-7fdd-46ae-bd6e-a00127020d13"
      },
      "log": {
        "_logger": {
          "category": "DurationEvent",
          "context": {},
          "callStackSkipIndex": 0
        }
      }
    },
    {
      "head": {
        "id": "0e1682fd-3f1f-424c-9cb6-54090e7f818d",
        "name": "compile ArkTS with rollup",
        "description": "",
        "type": "log"
      },
      "body": {
        "pid": 173272,
        "tid": "Main Thread",
        "startTime": 346550808599300,
        "endTime": 346567752087800
      },
      "additional": {
        "logType": "info",
        "children": [],
        "durationId": "1d5d3b72-c48d-48ee-9cad-cc18b600550e",
        "parent": "62d36306-da21-4a7c-b446-b015f592de71"
      }
    },
    {
      "head": {
        "id": "1d5d3b72-c48d-48ee-9cad-cc18b600550e",
        "name": "compile ArkTS with rollup",
        "description": "",
        "type": "duration"
      },
      "body": {
        "pid": 173272,
        "tid": "Worker1",
        "startTime": 346550808599300,
        "endTime": 346567752087800
      },
      "additional": {
        "children": [],
        "state": "success",
        "totalTime": 0,
        "frequency": 0,
        "fromHook": false,
        "parent": "3d335d7f-41d6-45f9-bbc9-81f0ff3f3832",
        "logId": "0e1682fd-3f1f-424c-9cb6-54090e7f818d"
      },
      "log": {
        "_logger": {
          "category": "DurationEvent",
          "context": {},
          "callStackSkipIndex": 0
        }
      }
    },
    {
      "head": {
        "id": "292efe38-a997-4898-8498-68f6f5416ea4",
        "name": "Finished :entry:default@PreviewArkTS",
        "description": "Compile ArkTS components on preview in the stage model.",
        "type": "log"
      },
      "body": {
        "pid": 173272,
        "tid": "Main Thread",
        "startTime": 346545422893800,
        "endTime": 346567765679200
      },
      "additional": {
        "logType": "info",
        "children": [
          "62d36306-da21-4a7c-b446-b015f592de71"
        ],
        "durationId": "6605bbbd-441c-4b0e-925d-8d177f3acdf7"
      }
    },
    {
      "head": {
        "id": "027ac9be-c511-4417-8cfa-18b0e4fdeda5",
        "name": "entry:PreviewBuild",
        "description": "Build preview in the stage model.",
        "type": "duration"
      },
      "body": {
        "pid": 173272,
        "tid": "Main Thread",
        "startTime": 346567782855000,
        "endTime": 346567782995900
      },
      "additional": {
        "children": [],
        "state": "success",
        "detailId": "725aad88-ec79-4a6f-8620-ec4cca8946bd",
        "logId": "f9f02e7a-92d2-4827-bbc5-b31130dc7e58"
      },
      "log": {
        "_logger": {
          "category": "DurationEvent",
          "context": {},
          "callStackSkipIndex": 0
        }
      }
    },
    {
      "head": {
        "id": "725aad88-ec79-4a6f-8620-ec4cca8946bd",
        "name": "create entry:PreviewBuild task",
        "description": "",
        "type": "log"
      },
      "body": {
        "pid": 173272,
        "tid": "Main Thread",
        "startTime": 346567782278700
      },
      "additional": {
        "logType": "detail",
        "children": [],
        "durationId": "027ac9be-c511-4417-8cfa-18b0e4fdeda5"
      }
    },
    {
      "head": {
        "id": "94d00c45-4a8c-46cb-9e52-7dbb64646c3d",
        "name": "entry : PreviewBuild start {\n  rss: 582967296,\n  heapTotal: 86712320,\n  heapUsed: 78419496,\n  external: 1654431,\n  arrayBuffers: 112982\n}",
        "description": "",
        "type": "log"
      },
      "body": {
        "pid": 173272,
        "tid": "Main Thread",
        "startTime": 346567782806600
      },
      "additional": {
        "logType": "debug",
        "children": []
      }
    },
    {
      "head": {
        "id": "f37c07f9-98b7-4c4d-8060-2f0d4bcf6e9a",
        "name": "Executing task :entry:PreviewBuild",
        "description": "",
        "type": "log"
      },
      "body": {
        "pid": 173272,
        "tid": "Main Thread",
        "startTime": 346567782875200
      },
      "additional": {
        "logType": "debug",
        "children": []
      }
    },
    {
      "head": {
        "id": "1eb7a5bc-9843-432a-b138-17ca5ac39ee6",
        "name": "entry : PreviewBuild end {\n  rss: 582975488,\n  heapTotal: 86712320,\n  heapUsed: 78428392,\n  external: 1654431,\n  arrayBuffers: 112982\n}",
        "description": "",
        "type": "log"
      },
      "body": {
        "pid": 173272,
        "tid": "Main Thread",
        "startTime": 346567782964200
      },
      "additional": {
        "logType": "debug",
        "children": []
      }
    },
    {
      "head": {
        "id": "f9f02e7a-92d2-4827-bbc5-b31130dc7e58",
        "name": "Finished :entry:PreviewBuild",
        "description": "Build preview in the stage model.",
        "type": "log"
      },
      "body": {
        "pid": 173272,
        "tid": "Main Thread",
        "startTime": 346567782855000,
        "endTime": 346567782995900
      },
      "additional": {
        "logType": "info",
        "children": [],
        "durationId": "027ac9be-c511-4417-8cfa-18b0e4fdeda5"
      }
    },
    {
      "head": {
        "id": "700300bd-d700-4d68-9e71-171db2eb6ae4",
        "name": "BUILD SUCCESSFUL in 22 s 735 ms ",
        "description": "",
        "type": "log"
      },
      "body": {
        "pid": 173272,
        "tid": "Main Thread",
        "startTime": 346567783683500
      },
      "additional": {
        "logType": "info",
        "children": []
      }
    },
    {
      "head": {
        "id": "882c9f79-d1bf-4f96-b6b9-d18c0c1db570",
        "name": "PreviewBuild",
        "description": "",
        "type": "mark"
      },
      "body": {
        "pid": 173272,
        "tid": "Main Thread",
        "startTime": 346545048682400,
        "endTime": 346567783926000
      },
      "additional": {
        "time": {
          "year": 2024,
          "month": 8,
          "day": 9,
          "hour": 9,
          "minute": 45
        },
        "markType": "history",
        "category": "build",
        "state": "success"
      }
    },
    {
      "head": {
        "id": "bef353bb-317f-4752-9c59-36dac3237369",
        "name": "There is no need to refresh cache, since the incremental task entry:default@PreBuild is up-to-date.",
        "description": "",
        "type": "log"
      },
      "body": {
        "pid": 173272,
        "tid": "Main Thread",
        "startTime": 346567783985000
      },
      "additional": {
        "logType": "debug",
        "children": []
      }
    },
    {
      "head": {
        "id": "155c5d63-02f6-4cdd-b5e8-5470a9968987",
        "name": "There is no need to refresh cache, since the incremental task entry:default@CreateBuildProfile is up-to-date.",
        "description": "",
        "type": "log"
      },
      "body": {
        "pid": 173272,
        "tid": "Main Thread",
        "startTime": 346567784017400
      },
      "additional": {
        "logType": "debug",
        "children": []
      }
    },
    {
      "head": {
        "id": "b00f6256-ef48-488a-bfd0-cf0c9a8bd05a",
        "name": "There is no need to refresh cache, since the incremental task entry:default@GenerateLoaderJson is up-to-date.",
        "description": "",
        "type": "log"
      },
      "body": {
        "pid": 173272,
        "tid": "Main Thread",
        "startTime": 346567784044400
      },
      "additional": {
        "logType": "debug",
        "children": []
      }
    },
    {
      "head": {
        "id": "fa11bc5a-8398-47a7-991e-11a161a54973",
        "name": "There is no need to refresh cache, since the incremental task entry:default@MergeProfile is up-to-date.",
        "description": "",
        "type": "log"
      },
      "body": {
        "pid": 173272,
        "tid": "Main Thread",
        "startTime": 346567784104700
      },
      "additional": {
        "logType": "debug",
        "children": []
      }
    },
    {
      "head": {
        "id": "741126e3-23ad-4763-ac50-006ce43d6d0a",
        "name": "There is no need to refresh cache, since the incremental task entry:default@ProcessProfile is up-to-date.",
        "description": "",
        "type": "log"
      },
      "body": {
        "pid": 173272,
        "tid": "Main Thread",
        "startTime": 346567784139700
      },
      "additional": {
        "logType": "debug",
        "children": []
      }
    },
    {
      "head": {
        "id": "0fd3ab60-11b8-4edb-a4e8-d182d410c9ea",
        "name": "Update task entry:default@PreviewProcessResource output file:{\"commandList\":[\"C:\\\\Users\\\\k50038792\\\\AppData\\\\Local\\\\OpenHarmony\\\\Sdk\\\\11\\\\toolchains\\\\restool.exe\",\"-m\",\"entry\",\"-f\",\"-j\",\"D:\\\\WorkSpace\\\\Light_Example\\\\entry\\\\.preview\\\\default\\\\intermediates\\\\process_profile\\\\default\\\\module.json\",\"-p\",\"com.example.light_example\",\"-o\",\"D:\\\\WorkSpace\\\\Light_Example\\\\entry\\\\.preview\\\\default\\\\intermediates\\\\res\\\\default\",\"-r\",\"D:\\\\WorkSpace\\\\Light_Example\\\\entry\\\\.preview\\\\default\\\\generated\\\\r\\\\default\\\\ResourceTable.h\"],\"inputFiles\":{\"_group\":{}},\"outputFiles\":{\"_group\":{}},\"existsResourceDir\":true,\"restoolLinkParamObj\":{\"appScopeResources\":\"D:\\\\WorkSpace\\\\Light_Example\\\\AppScope\\\\resources\",\"moduleResourcesMap\":{},\"harResourcesMap\":{},\"outputPath\":\"D:\\\\WorkSpace\\\\Light_Example\\\\entry\\\\.preview\\\\default\\\\intermediates\\\\res\\\\default\",\"linkCommand\":[\"C:\\\\Users\\\\k50038792\\\\AppData\\\\Local\\\\OpenHarmony\\\\Sdk\\\\11\\\\toolchains\\\\restool.exe\",\"-m\",\"entry\",\"-f\",\"-j\",\"D:\\\\WorkSpace\\\\Light_Example\\\\entry\\\\.preview\\\\default\\\\intermediates\\\\process_profile\\\\default\\\\module.json\",\"-p\",\"com.example.light_example\",\"-r\",\"D:\\\\WorkSpace\\\\Light_Example\\\\entry\\\\.preview\\\\default\\\\generated\\\\r\\\\default\\\\ResourceTable.h\",\"-z\",\"--ids\",\"D:\\\\WorkSpace\\\\Light_Example\\\\entry\\\\.preview\\\\default\\\\intermediates\\\\res\\\\default\\\\ids_map\",\"--defined-ids\",\"D:\\\\WorkSpace\\\\Light_Example\\\\entry\\\\.preview\\\\default\\\\intermediates\\\\res\\\\default\\\\ids_map\\\\id_defined.json\"],\"idsMapPath\":\"D:\\\\WorkSpace\\\\Light_Example\\\\entry\\\\.preview\\\\default\\\\intermediates\\\\res\\\\default\\\\ids_map\"}} cache.",
        "description": "",
        "type": "log"
      },
      "body": {
        "pid": 173272,
        "tid": "Main Thread",
        "startTime": 346567784219600
      },
      "additional": {
        "logType": "debug",
        "children": []
      }
    },
    {
      "head": {
        "id": "c9e03a80-c18e-41d9-af60-d01f40cef860",
        "name": "Incremental task entry:default@PreviewProcessResource post-execution cost:1 ms .",
        "description": "",
        "type": "log"
      },
      "body": {
        "pid": 173272,
        "tid": "Main Thread",
        "startTime": 346567784881000
      },
      "additional": {
        "logType": "debug",
        "children": []
      }
    },
    {
      "head": {
        "id": "86cd3492-904e-4675-9419-d08762186136",
        "name": "There is no need to refresh cache, since the incremental task entry:default@PreviewCompileResource is up-to-date.",
        "description": "",
        "type": "log"
      },
      "body": {
        "pid": 173272,
        "tid": "Main Thread",
        "startTime": 346567784930900
      },
      "additional": {
        "logType": "debug",
        "children": []
      }
    },
    {
      "head": {
        "id": "0b7f7eca-3824-4c30-9dd3-d0f41ed8a540",
        "name": "Update task entry:default@PreviewUpdateAssets input file:D:\\WorkSpace\\Light_Example\\entry\\.preview\\config\\buildConfig.json cache from map.",
        "description": "",
        "type": "log"
      },
      "body": {
        "pid": 173272,
        "tid": "Main Thread",
        "startTime": 346567784987100
      },
      "additional": {
        "logType": "debug",
        "children": []
      }
    },
    {
      "head": {
        "id": "9bf1748f-bffc-4abb-a197-74d553b91e95",
        "name": "Update task entry:default@PreviewUpdateAssets output file:D:\\WorkSpace\\Light_Example\\entry\\.preview\\default\\intermediates\\res\\default\\module.json cache.",
        "description": "",
        "type": "log"
      },
      "body": {
        "pid": 173272,
        "tid": "Main Thread",
        "startTime": 346567786979600
      },
      "additional": {
        "logType": "debug",
        "children": []
      }
    },
    {
      "head": {
        "id": "193f5a3b-d762-4f25-8151-1ed773cefb0a",
        "name": "Update task entry:default@PreviewUpdateAssets output file:D:\\WorkSpace\\Light_Example\\entry\\.preview\\default\\intermediates\\res\\default\\resources\\base\\profile\\main_pages.json cache.",
        "description": "",
        "type": "log"
      },
      "body": {
        "pid": 173272,
        "tid": "Main Thread",
        "startTime": 346567789459100
      },
      "additional": {
        "logType": "debug",
        "children": []
      }
    },
    {
      "head": {
        "id": "dfb68b21-d91a-42ae-a664-d61d7ec51307",
        "name": "Incremental task entry:default@PreviewUpdateAssets post-execution cost:6 ms .",
        "description": "",
        "type": "log"
      },
      "body": {
        "pid": 173272,
        "tid": "Main Thread",
        "startTime": 346567790304000
      },
      "additional": {
        "logType": "debug",
        "children": []
      }
    },
    {
      "head": {
        "id": "dd4c125c-13ab-4396-afac-0bad3756512b",
        "name": "Update task entry:default@PreviewArkTS input file:D:\\WorkSpace\\Light_Example\\entry\\.preview\\default\\intermediates\\loader\\default cache by regenerate.",
        "description": "",
        "type": "log"
      },
      "body": {
        "pid": 173272,
        "tid": "Main Thread",
        "startTime": 346567808102400
      },
      "additional": {
        "logType": "debug",
        "children": []
      }
    },
    {
      "head": {
        "id": "6902c65d-3373-4fb2-98a8-2887f4213a93",
        "name": "Update task entry:default@PreviewArkTS input file:D:\\WorkSpace\\Light_Example\\entry\\.preview\\default\\intermediates\\res\\default\\ResourceTable.txt cache by regenerate.",
        "description": "",
        "type": "log"
      },
      "body": {
        "pid": 173272,
        "tid": "Main Thread",
        "startTime": 346567809185100
      },
      "additional": {
        "logType": "debug",
        "children": []
      }
    },
    {
      "head": {
        "id": "b1308660-074b-4222-83d0-d92694e98aaf",
        "name": "Update task entry:default@PreviewArkTS input file:D:\\WorkSpace\\Light_Example\\entry\\.preview\\default\\intermediates\\res\\default\\module.json cache by regenerate.",
        "description": "",
        "type": "log"
      },
      "body": {
        "pid": 173272,
        "tid": "Main Thread",
        "startTime": 346567809612700
      },
      "additional": {
        "logType": "debug",
        "children": []
      }
    },
    {
      "head": {
        "id": "3235f6e8-01af-4a3f-aacc-dfddd5ae81cf",
        "name": "Update task entry:default@PreviewArkTS input file:D:\\WorkSpace\\Light_Example\\entry\\.preview\\default\\intermediates\\res\\default\\resources\\base\\profile cache from map.",
        "description": "",
        "type": "log"
      },
      "body": {
        "pid": 173272,
        "tid": "Main Thread",
        "startTime": 346567810039700
      },
      "additional": {
        "logType": "debug",
        "children": []
      }
    },
    {
      "head": {
        "id": "bebdf3b4-deb0-4530-ab32-f7fc55eac510",
        "name": "Update task entry:default@PreviewArkTS input file:D:\\WorkSpace\\Light_Example\\entry\\src\\main\\ets cache by regenerate.",
        "description": "",
        "type": "log"
      },
      "body": {
        "pid": 173272,
        "tid": "Main Thread",
        "startTime": 346567810073000
      },
      "additional": {
        "logType": "debug",
        "children": []
      }
    },
    {
      "head": {
        "id": "c24a2663-3889-4c35-94aa-a33b5feb7775",
        "name": "Update task entry:default@PreviewArkTS input file:D:\\WorkSpace\\Light_Example\\entry\\.preview\\default\\generated\\profile\\default\\BuildProfile.ets cache by regenerate.",
        "description": "",
        "type": "log"
      },
      "body": {
        "pid": 173272,
        "tid": "Main Thread",
        "startTime": 346567815525300
      },
      "additional": {
        "logType": "debug",
        "children": []
      }
    },
    {
      "head": {
        "id": "681ae84a-6660-4692-ba37-d95930f50930",
        "name": "Update task entry:default@PreviewArkTS output file:D:\\WorkSpace\\Light_Example\\entry\\.preview\\default\\intermediates\\loader_out\\default\\ets cache.",
        "description": "",
        "type": "log"
      },
      "body": {
        "pid": 173272,
        "tid": "Main Thread",
        "startTime": 346567816969100
      },
      "additional": {
        "logType": "debug",
        "children": []
      }
    },
    {
      "head": {
        "id": "b3679b27-4d79-4661-8a7e-86312bc2cf3a",
        "name": "Incremental task entry:default@PreviewArkTS post-execution cost:28 ms .",
        "description": "",
        "type": "log"
      },
      "body": {
        "pid": 173272,
        "tid": "Main Thread",
        "startTime": 346567817542200
      },
      "additional": {
        "logType": "debug",
        "children": []
      }
    }
  ],
  "workLog": []
}